1P/1682 Q1,coma.1p
Halley,coma.1p
1P/1982 U1,coma.1p
1986 III,coma.1p
1982i,coma.1p
1P/1909 R1,coma.1p
1910 II,coma.1p
1909c,coma.1p
1P/1835 P1,coma.1p
1835 III,coma.1p
1P/1758 Y1,coma.1p
1759 I,coma.1p
1P/1607 S1,coma.1p
1P/1531 P1,coma.1p
1P/1456 K1,coma.1p
1P/1378 S1,coma.1p
1P/1301 R1,coma.1p
1P/1222 R1,coma.1p
1P/1145 G1,coma.1p
1P/1066 G1,coma.1p
1P/989 N1,coma.1p
1P/912 J1,coma.1p
1P/837 F1,coma.1p
1P/760 K1,coma.1p
1P/684 R1,coma.1p
1P/607 H1,coma.1p
1P/530 Q1,coma.1p
1P/451 L1,coma.1p
1P/374 E1,coma.1p
1P/295 J1,coma.1p
1P/218 H1,coma.1p
1P/141 F1,coma.1p
1P/66 B1,coma.1p
1P/-11 Q1,coma.1p
1P/-86 Q1,coma.1p
1P/-163 U1,coma.1p
1P/-239 K1,coma.1p
2P/1818 W1,coma.2p
Encke,coma.2p
1994 V,coma.2p
1990 XXI,coma.2p
1987 XIII,coma.2p
1984 VI,coma.2p
1980 XI,coma.2p
1977 XI,coma.2p
1974 V,coma.2p
1971 II,coma.2p
1970l,coma.2p
1967 XIII,coma.2p
1967h,coma.2p
1964 IV,coma.2p
1963h,coma.2p
1961 I,coma.2p
1960i,coma.2p
1957 VIII,coma.2p
1957c,coma.2p
1954 IX,coma.2p
1953f,coma.2p
1951 III,coma.2p
1950e,coma.2p
1947 XI,coma.2p
1947i,coma.2p
1941 V,coma.2p
1941b,coma.2p
1937 VI,coma.2p
1937h,coma.2p
1934 III,coma.2p
1934a,coma.2p
1931 II,coma.2p
1931a,coma.2p
1928 II,coma.2p
1927h,coma.2p
1924 III,coma.2p
1924b,coma.2p
1921 IV,coma.2p
1921d,coma.2p
1918 I,coma.2p
1917c,coma.2p
1914 VI,coma.2p
1914d,coma.2p
1911 III,coma.2p
1911d,coma.2p
1908 I,coma.2p
1908b,coma.2p
1905 I,coma.2p
1904b,coma.2p
1901 II,coma.2p
1901b,coma.2p
1898 III,coma.2p
1898d,coma.2p
1895 I,coma.2p
1894d,coma.2p
1891 III,coma.2p
1891c,coma.2p
1888 II,coma.2p
1888b,coma.2p
1885 I,coma.2p
1884d,coma.2p
1881 VII,coma.2p
1881d,coma.2p
1878 II,coma.2p
1878c,coma.2p
1875 II,coma.2p
1875a,coma.2p
1871 V,coma.2p
1871c,coma.2p
1868 III,coma.2p
1865 II,coma.2p
1862 I,coma.2p
1858 VIII,coma.2p
1855 III,coma.2p
1852 I,coma.2p
1848 II,coma.2p
1845 IV,coma.2p
1842 I,coma.2p
1838,coma.2p
1835 II,coma.2p
1832 I,coma.2p
1829,coma.2p
1825 III,coma.2p
2P/1822 L1,coma.2p
1822 II,coma.2p
1819 I,coma.2p
2P/1805 U1,coma.2p
2P/1795 V1,coma.2p
2P/1786 B1,coma.2p
1786 I,coma.2p
3D/1826 D1,coma.3d
Biela 1,coma.3d
1852 III,coma.3d
1846 II,coma.3d
3D/1832 S1,coma.3d
1832 III,coma.3d
1826 I,coma.3d
3D/1805 V1,coma.3d
1806 I,coma.3d
3D/1772 E1,coma.3d
4P/1843 W1,coma.4p
Faye,coma.4p
1991 XXI,coma.4p
1991n,coma.4p
1984 XI,coma.4p
1984h,coma.4p
1977 IV,coma.4p
1976i,coma.4p
1969 VI,coma.4p
1969a,coma.4p
1962 VII,coma.4p
1961c,coma.4p
1955 II,coma.4p
1954e,coma.4p
1947 IX,coma.4p
1947f,coma.4p
1940 II,coma.4p
1939m,coma.4p
1932 IX,coma.4p
1932l,coma.4p
1925 V,coma.4p
1925h,coma.4p
1910 V,coma.4p
1910e,coma.4p
1896 II,coma.4p
1895b,coma.4p
1888 IV,coma.4p
1888d,coma.4p
1881 I,coma.4p
1880c,coma.4p
1873 III,coma.4p
1873f,coma.4p
1866 II,coma.4p
1858 V,coma.4p
4P/1850 W1,coma.4p
1851 I,coma.4p
1843 II,coma.4p
5D/1846 D2,coma.5d
Brorsen 1,coma.5d
1879 I,coma.5d
1879a,coma.5d
1873 VI,coma.5d
1873e,coma.5d
1868 I,coma.5d
5D/1857 F1,coma.5d
1857 II,coma.5d
1846 III,coma.5d
6P/1851 M1,coma.6p
d'Arrest,coma.6p
dArrest,coma.6p
1989 II,coma.6p
1987k,coma.6p
1982 VII,coma.6p
1982e,coma.6p
1976 XI,coma.6p
1976e,coma.6p
1970 VII,coma.6p
1970d,coma.6p
1963 VII,coma.6p
1963f,coma.6p
1950 II,coma.6p
1950a,coma.6p
1943 III,coma.6p
1923 II,coma.6p
1923b,coma.6p
1910 III,coma.6p
1910c,coma.6p
1897 II,coma.6p
1897a,coma.6p
1890 V,coma.6p
1890d,coma.6p
1877 IV,coma.6p
1877d,coma.6p
1870 III,coma.6p
1870c,coma.6p
6P/1857 X1,coma.6p
1857 VII,coma.6p
1851 II,coma.6p
6P/1678 R1,coma.6p
7P/1858 E1,coma.7p
Pons-Winnecke 1,coma.7p
1989 VIII,coma.7p
1989g,coma.7p
1983 IV,coma.7p
1983b,coma.7p
1976 XIV,coma.7p
1976f,coma.7p
1970 VIII,coma.7p
1970b,coma.7p
1964 I,coma.7p
1964b,coma.7p
1951 VI,coma.7p
1951c,coma.7p
1945 IV,coma.7p
1945a,coma.7p
1939 V,coma.7p
1939c,coma.7p
1933 II,coma.7p
1933b,coma.7p
1927 VII,coma.7p
1927c,coma.7p
1921 III,coma.7p
1921b,coma.7p
1915 III,coma.7p
1915b,coma.7p
1909 II,coma.7p
1909d,coma.7p
1898 II,coma.7p
1898a,coma.7p
1892 IV,coma.7p
1892c,coma.7p
1886 VI,coma.7p
1886d,coma.7p
1875 I,coma.7p
1875b,coma.7p
7P/1869 G1,coma.7p
1869 I,coma.7p
1869a,coma.7p
1858 II,coma.7p
7P/1819 L1,coma.7p
1819 III,coma.7p
8P/1858 A1,coma.8p
Tuttle 1,coma.8p
1994 XV,coma.8p
1992r,coma.8p
1980 XIII,coma.8p
1980h,coma.8p
1967 V,coma.8p
1967a,coma.8p
1939 X,coma.8p
1939k,coma.8p
1926 IV,coma.8p
1926a,coma.8p
1912 IV,coma.8p
1912b,coma.8p
1899 III,coma.8p
1899b,coma.8p
1885 IV,coma.8p
1885b,coma.8p
8P/1871 T1,coma.8p
1871 III,coma.8p
1871d,coma.8p
1858 I,coma.8p
8P/1790 A2,coma.8p
1790 II,coma.8p
9P/1867 G1,coma.9p
Tempel 1,coma.9p
9P,coma.9p
1994 XIX,coma.9p
1993c,coma.9p
1989 I,coma.9p
1987e1,coma.9p
1983 XI,coma.9p
1982j,coma.9p
1978 II,coma.9p
1977i,coma.9p
9P/1972 A1,coma.9p
1972 V,coma.9p
1972a,coma.9p
9P/1967 L1,coma.9p
1966 VII,coma.9p
1879 III,coma.9p
1879b,coma.9p
9P/1873 G1,coma.9p
1873 I,coma.9p
1873a,coma.9p
1867 II,coma.9p
10P/1873 N1,coma.10p
Tempel 2,coma.10p
1994 VII,coma.10p
1988 XIV,coma.10p
1987g,coma.10p
1983 X,coma.10p
1982d,coma.10p
1978 V,coma.10p
1977d,coma.10p
1972 X,coma.10p
1972c,coma.10p
1967 X,coma.10p
1967d,coma.10p
1962 VI,coma.10p
1961b,coma.10p
1957 II,coma.10p
1956e,coma.10p
1951 VIII,coma.10p
1951d,coma.10p
1946 III,coma.10p
1946b,coma.10p
1930 VII,coma.10p
1930f,coma.10p
1925 IV,coma.10p
1925d,coma.10p
1920 II,coma.10p
1920a,coma.10p
1915 I,coma.10p
1915c,coma.10p
1904 III,coma.10p
1904c,coma.10p
1899 IV,coma.10p
1899c,coma.10p
1894 III,coma.10p
1894c,coma.10p
10P/1878 O1,coma.10p
1878 III,coma.10p
1878b,coma.10p
1873 II,coma.10p
1873b,coma.10p
11P/1880 T1,coma.11p
Tempel-Swift-LINEAR 1,coma.11p
11P/2001 X3,coma.11p
1908 II,coma.11p
1908d,coma.11p
1891 V,coma.11p
1891d,coma.11p
1880 IV,coma.11p
1880e,coma.11p
11P/1869 W1,coma.11p
1869 III,coma.11p
1869c,coma.11p
12P/1812 O1,coma.12p
Pons-Brooks 1,coma.12p
12P/1953 M1,coma.12p
1954 VII,coma.12p
1953c,coma.12p
12P/1883 R1,coma.12p
1884 I,coma.12p
1883b,coma.12p
13P/1815 E1,coma.13p
Olbers 1,coma.13p
13P/1956 A1,coma.13p
1956 IV,coma.13p
1956a,coma.13p
13P/1887 Q1,coma.13p
1887 V,coma.13p
1887f,coma.13p
14P/1884 S1,coma.14p
Wolf,coma.14p
1992 XXII,coma.14p
1992m,coma.14p
1984 IX,coma.14p
1983m,coma.14p
1976 II,coma.14p
1975f,coma.14p
1967 XII,coma.14p
1967j,coma.14p
1959 II,coma.14p
1958c,coma.14p
1950 VI,coma.14p
1950c,coma.14p
1942 VI,coma.14p
1934 I,coma.14p
1933e,coma.14p
1918 V,coma.14p
1918b,coma.14p
1912 I,coma.14p
1911a,coma.14p
1898 IV,coma.14p
1898f,coma.14p
14P/1891 J1,coma.14p
1891 II,coma.14p
1891b,coma.14p
15P/1886 S1,coma.15p
Finlay 1,coma.15p
1988 IX,coma.15p
1988f,coma.15p
1981 XII,coma.15p
1981e,coma.15p
1974 X,coma.15p
1974d,coma.15p
1967 IX,coma.15p
1967g,coma.15p
1960 VIII,coma.15p
1960d,coma.15p
1953 VII,coma.15p
1953i,coma.15p
1926 V,coma.15p
1926d,coma.15p
1919 II,coma.15p
1919d,coma.15p
1906 V,coma.15p
1906d,coma.15p
15P/1893 K1,coma.15p
1893 III,coma.15p
1893a,coma.15p
1886 VII,coma.15p
1886e,coma.15p
16P/1889 N1,coma.16p
Brooks 2,coma.16p
1994 XXIII,coma.16p
1994j,coma.16p
1987 XXIV,coma.16p
1987m,coma.16p
1980 IX,coma.16p
1980f,coma.16p
1974 I,coma.16p
1973j,coma.16p
1960 VI,coma.16p
1960h,coma.16p
1953 V,coma.16p
1953b,coma.16p
1946 IV,coma.16p
1946e,coma.16p
1939 VII,coma.16p
1939g,coma.16p
1932 VIII,coma.16p
1932m,coma.16p
1925 IX,coma.16p
1925g,coma.16p
1911 I,coma.16p
1910d,coma.16p
1903 V,coma.16p
1903d,coma.16p
16P/1896 M1,coma.16p
1896 VI,coma.16p
1896c,coma.16p
1889 V,coma.16p
1889d,coma.16p
17P/1892 V1,coma.17p
Holmes 1,coma.17p
1993 VII,coma.17p
1993i,coma.17p
1986 V,coma.17p
1986f,coma.17p
1979 IV,coma.17p
1979f,coma.17p
1972 I,coma.17p
1971b,coma.17p
17P/1964 O1,coma.17p
1964 X,coma.17p
1964i,coma.17p
1906 III,coma.17p
1906f,coma.17p
17P/1899 L1,coma.17p
1899 II,coma.17p
1899d,coma.17p
1892 III,coma.17p
1892f,coma.17p
18D/1896 X1,coma.18d
Perrine-Mrkos 1,coma.18d
1968 VIII,coma.18d
1968h,coma.18d
1962 I,coma.18d
1961h,coma.18d
18D/1955 U1,coma.18d
1955 VII,coma.18d
1955i,coma.18d
18D/1909 P1,coma.18d
1909 III,coma.18d
1909b,coma.18d
1896 VII,coma.18d
1896g,coma.18d
19P/1904 Y2,coma.19p
Borrelly 1,coma.19p
1994 XXX,coma.19p
1994l,coma.19p
1987 XXXIII,coma.19p
1987p,coma.19p
1981 IV,coma.19p
1980i,coma.19p
1974 VII,coma.19p
1973m,coma.19p
1967 VIII,coma.19p
1967m,coma.19p
1960 V,coma.19p
1960k,coma.19p
1953 IV,coma.19p
1954b,coma.19p
1932 IV,coma.19p
1932i,coma.19p
1925 VIII,coma.19p
1925f,coma.19p
1918 IV,coma.19p
1918c,coma.19p
19P/1911 S1,coma.19p
1911 VIII,coma.19p
1911e,coma.19p
1905 II,coma.19p
1904e,coma.19p
20D/1852 O1,coma.20d
Westphal 1,coma.20d
20D/1913 S1,coma.20d
1913 VI,coma.20d
1913d,coma.20d
1852 IV,coma.20d
20P/Westphal,coma.20d
21P/1900 Y1,coma.21p
Giacobini-Zinner 1,coma.21p
1992 IX,coma.21p
1991m,coma.21p
1985 XIII,coma.21p
1984e,coma.21p
1979 III,coma.21p
1978h,coma.21p
1972 VI,coma.21p
1972d,coma.21p
1966 I,coma.21p
1965g,coma.21p
1959 VIII,coma.21p
1959b,coma.21p
1946 V,coma.21p
1946c,coma.21p
1940 I,coma.21p
1939l,coma.21p
1933 III,coma.21p
1933c,coma.21p
1926 VI,coma.21p
1926e,coma.21p
21P/1913 U1,coma.21p
1913 V,coma.21p
1913e,coma.21p
1900 III,coma.21p
1900c,coma.21p
22P/1906 Q1,coma.22p
Kopff 1,coma.22p
1994s,coma.22p
1990 I,coma.22p
1988k,coma.22p
1983 XIII,coma.22p
1982k,coma.22p
1977 V,coma.22p
1976b,coma.22p
1970 XI,coma.22p
1970c,coma.22p
1964 III,coma.22p
1963i,coma.22p
1958 I,coma.22p
1958d,coma.22p
1951 VII,coma.22p
1951e,coma.22p
1945 V,coma.22p
1945b,coma.22p
1939 II,coma.22p
1939e,coma.22p
1932 III,coma.22p
1932e,coma.22p
1926 II,coma.22p
1926c,coma.22p
22P/1919 O1,coma.22p
1919 I,coma.22p
1919a,coma.22p
1906 IV,coma.22p
1906e,coma.22p
23P/1847 O1,coma.23p
Brorsen-Metcalf 1,coma.23p
23P/1989 N1,coma.23p
1989 X,coma.23p
1989o,coma.23p
23P/1919 Q1,coma.23p
1919 III,coma.23p
1919b,coma.23p
1847 V,coma.23p
24P/1911 X1,coma.24p
Schaumasse 1,coma.24p
1993 III,coma.24p
1992x,coma.24p
1984 XXII,coma.24p
1984m,coma.24p
1976 XV,coma.24p
1960 III,coma.24p
1959h,coma.24p
1952 III,coma.24p
1951l,coma.24p
1943 V,coma.24p
1944a,coma.24p
1927 VIII,coma.24p
1927g,coma.24p
24P/1919 U1,coma.24p
1919 IV,coma.24p
1919e,coma.24p
1911 VII,coma.24p
1911h,coma.24p
25D/1916 D1,coma.25d
Neujmin 2,coma.25d
25D/1926 V2,coma.25d
1927 I,coma.25d
1926g,coma.25d
1916 II,coma.25d
1916a,coma.25d
26P/1922 K1,coma.26p
Grigg-Skjellerup 1,coma.26p
1992 XVIII,coma.26p
1987 X,coma.26p
1986m,coma.26p
1982 IV,coma.26p
1982a,coma.26p
1977 VI,coma.26p
1977b,coma.26p
1972 II,coma.26p
1972b,coma.26p
1967 I,coma.26p
1966f,coma.26p
1961 IX,coma.26p
1961g,coma.26p
1957 I,coma.26p
1956i,coma.26p
1952 IV,coma.26p
1952b,coma.26p
1942 V,coma.26p
1947a,coma.26p
1937 III,coma.26p
1937e,coma.26p
1932 II,coma.26p
1932d,coma.26p
26P/1927 F1,coma.26p
1927 V,coma.26p
1927e,coma.26p
1922 I,coma.26p
1922b,coma.26p
26P/1902 O1,coma.26p
1902 II,coma.26p
1902c,coma.26p
26P/1808 C1,coma.26p
1808 III,coma.26p
27P/1928 W1,coma.27p
Crommelin 1,coma.27p
1984 IV,coma.27p
1983n,coma.27p
27P/1956 S1,coma.27p
1956 VI,coma.27p
1956g,coma.27p
1928 III,coma.27p
1928b,coma.27p
27P/1873 V1,coma.27p
1873 VII,coma.27p
1873g,coma.27p
27P/1818 D1,coma.27p
1818 I,coma.27p
28P/1913 R2,coma.28p
Neujmin 1,coma.28p
1984 XIX,coma.28p
1984c,coma.28p
1966 VI,coma.28p
1966a,coma.28p
1948 XIII,coma.28p
1948f,coma.28p
28P/1931 S1,coma.28p
1931 I,coma.28p
1931d,coma.28p
1913 III,coma.28p
1913c,coma.28p
29P/1927 V1,coma.29p
Schwassmann-Wachmann 1,coma.29p
1989 XV,coma.29p
1974 II,coma.29p
1957 IV,coma.29p
1941 VI,coma.29p
1925 II,coma.29p
1927i,coma.29p
29P/1902 E1,coma.29p
1908 IV,coma.29p
30P/1928 D1,coma.30p
Reinmuth 1,coma.30p
1994p,coma.30p
1988 VI,coma.30p
1987r,coma.30p
1980 VIII,coma.30p
1979j,coma.30p
1973 IV,coma.30p
1972i,coma.30p
1965 V,coma.30p
1965a,coma.30p
1958 II,coma.30p
1957e,coma.30p
1950 IV,coma.30p
1949f,coma.30p
30P/1934 V1,coma.30p
1935 II,coma.30p
1934b,coma.30p
1928 I,coma.30p
1928a,coma.30p
31P/1929 B1,coma.31p
Schwassmann-Wachmann 2,coma.31p
1994 II,coma.31p
1981 VI,coma.31p
1986h,coma.31p
1974 XIII,coma.31p
1979k,coma.31p
1968 II,coma.31p
1967i,coma.31p
1955 I,coma.31p
1960j,coma.31p
1948 VII,coma.31p
1947l,coma.31p
1942 I,coma.31p
1941f,coma.31p
1929 I,coma.31p
1929a,coma.31p
32P/1926 V1,coma.32p
Comas Sola 1,coma.32p
1987 XVIII,coma.32p
1986j,coma.32p
1978 XVII,coma.32p
1977n,coma.32p
1969 VIII,coma.32p
1968g,coma.32p
1961 III,coma.32p
1960f,coma.32p
1944 II,coma.32p
1951h,coma.32p
32P/1935 P1,coma.32p
1935 IV,coma.32p
1935c,coma.32p
1927 III,coma.32p
1926f,coma.32p
33P/1909 X1,coma.33p
Daniel 1,coma.33p
1992 XXIII,coma.33p
1992o,coma.33p
1985 XI,coma.33p
1985j,coma.33p
1978 XII,coma.33p
1979b,coma.33p
1964 II,coma.33p
1964a,coma.33p
1950 V,coma.33p
1950d,coma.33p
1943 IV,coma.33p
33P/1937 B1,coma.33p
1937 I,coma.33p
1937a,coma.33p
1909 IV,coma.33p
1909e,coma.33p
34D/1927 L1,coma.34d
Gale 1,coma.34d
34D/1938 J1,coma.34d
1938,coma.34d
1938a,coma.34d
1927 VI,coma.34d
1927f,coma.34d
35P/1939 O1,coma.35p
Herschel-Rigollet 1,coma.35p
1939 VI,coma.35p
1939h,coma.35p
35P/1788 Y1,coma.35p
1788 II,coma.35p
36P/1933 U1,coma.36p
Whipple 1,coma.36p
1994 XXXII,coma.36p
1993n,coma.36p
1986 XII,coma.36p
1985h,coma.36p
1978 VIII,coma.36p
1977h,coma.36p
1970 XIV,coma.36p
1969c,coma.36p
1963 II,coma.36p
1962f,coma.36p
1955 VIII,coma.36p
1955d,coma.36p
36P/1940 R1,coma.36p
1948 VI,coma.36p
1947g,coma.36p
1933 IV,coma.36p
1933f,coma.36p
36P/1925 QD,coma.36p
1926 VIII,coma.36p
37P/1929 P1,coma.37p
Forbes 1,coma.37p
1993 IV,coma.37p
1993f,coma.37p
1987 I,coma.37p
1986g,coma.37p
1980 VI,coma.37p
1980a,coma.37p
1974 IX,coma.37p
1974a,coma.37p
1961 VI,coma.37p
1961a,coma.37p
1948 VIII,coma.37p
1948e,coma.37p
37P/1942 L1,coma.37p
1942 III,coma.37p
1929 II,coma.37p
1929c,coma.37p
38P/1942 V1,coma.38p
Stephan-Oterma 1,coma.38p
38P/1980 L2,coma.38p
1980 X,coma.38p
1980g,coma.38p
1942 IX,coma.38p
38P/1867 B1,coma.38p
1867 I,coma.38p
39P/1943 G1,coma.39p
Oterma 1,coma.39p
39P/2001 P3,coma.39p
1958 IV,coma.39p
1950 III,coma.39p
40P/1939 CB,coma.40p
Vaisala 1,coma.40p
1993 VIII,coma.40p
1992u,coma.40p
1982 V,coma.40p
1981l,coma.40p
1971 VII,coma.40p
1970q,coma.40p
1960 IV,coma.40p
1959i,coma.40p
40P/1949 Y1,coma.40p
1949 V,coma.40p
1949h,coma.40p
1939 IV,coma.40p
1939b,coma.40p
41P/1951 H1,coma.41p
Tuttle-Giacobini-Kresak 1,coma.41p
TGK,coma.41p
1990 II,coma.41p
1989b1,coma.41p
1978 XXV,coma.41p
1978r,coma.41p
1973 VI,coma.41p
1973b,coma.41p
1962 V,coma.41p
1962b,coma.41p
1951 IV,coma.41p
1951f,coma.41p
41P/1907 L1,coma.41p
1907 III,coma.41p
1907c,coma.41p
41P/1858 J1,coma.41p
1858 III,coma.41p
42P/1929 P2,coma.42p
Neujmin 3,coma.42p
1993 XVI,coma.42p
1993j,coma.42p
1972 IV,coma.42p
1972g,coma.42p
42P/1951 J1,coma.42p
1951 V,coma.42p
1951g,coma.42p
1929 III,coma.42p
1929b,coma.42p
43P/1924 Y1,coma.43p
Wolf-Harrington 1,coma.43p
1991 V,coma.43p
1990e,coma.43p
1984 XVII,coma.43p
1984g,coma.43p
1978 VI,coma.43p
1977j,coma.43p
1971 VI,coma.43p
1965 III,coma.43p
1970o,coma.43p
1964g,coma.43p
1958 V,coma.43p
1957g,coma.43p
43P/1951 T2,coma.43p
1952 II,coma.43p
1951k,coma.43p
1924 IV,coma.43p
1924d,coma.43p
44P/1947 R1,coma.44p
Reinmuth 2,coma.44p
1994 XVIII,coma.44p
1993g,coma.44p
1987 XXVI,coma.44p
1987l,coma.44p
1981 III,coma.44p
1980n,coma.44p
1974 VI,coma.44p
1973g,coma.44p
1967 XI,coma.44p
1967e,coma.44p
1960 IX,coma.44p
1960c,coma.44p
44P/1953 N1,coma.44p
1954 VI,coma.44p
1953d,coma.44p
1947 VII,coma.44p
1947j,coma.44p
45P/1948 X1,coma.45p
Honda-Mrkos-Pajdusakova 1,coma.45p
HMP,coma.45p
1990 XIV,coma.45p
1990f,coma.45p
1985 III,coma.45p
1985c,coma.45p
1980 I,coma.45p
1980c,coma.45p
1974 XVI,coma.45p
1974f,coma.45p
1969 V,coma.45p
1969e,coma.45p
1964 VII,coma.45p
1964d,coma.45p
45P/1954 C1,coma.45p
1954 III,coma.45p
1954a,coma.45p
1948 XII,coma.45p
1948n,coma.45p
46P/1948 A1,coma.46p
Wirtanen 1,coma.46p
1991 XVI,coma.46p
1991s,coma.46p
1986 VI,coma.46p
1985q,coma.46p
1974 XI,coma.46p
1974i,coma.46p
1967 XIV,coma.46p
1967k,coma.46p
1961 IV,coma.46p
1960m,coma.46p
46P/1954 R2,coma.46p
1954 XI,coma.46p
1954j,coma.46p
1947 XIII,coma.46p
1948b,coma.46p
47P/1948 Q1,coma.47p
Ashbrook-Jackson 1,coma.47p
1993 XIII,coma.47p
1992j,coma.47p
1986 II,coma.47p
1985a,coma.47p
1978 XIV,coma.47p
1977g,coma.47p
1971 III,coma.47p
1970e,coma.47p
47P/1955 H1,coma.47p
1956 II,coma.47p
1962e,coma.47p
1948 IX,coma.47p
1948i,coma.47p
48P/1949 Q1,coma.48p
Johnson 1,coma.48p
1990 XXIII,coma.48p
1990h,coma.48p
1983 XVIII,coma.48p
1983h,coma.48p
1977 I,coma.48p
1976h,coma.48p
1970 IV,coma.48p
1970h,coma.48p
1963 IV,coma.48p
1963c,coma.48p
48P/1956 P1,coma.48p
1956 V,coma.48p
1956f,coma.48p
1949 II,coma.48p
1949d,coma.48p
49P/1951 C2,coma.49p
Arend-Rigaux 1,coma.49p
1991 XVII,coma.49p
1984 XXI,coma.49p
1984k,coma.49p
1978 III,coma.49p
1977k,coma.49p
1971 IV,coma.49p
1970j,coma.49p
1964 V,coma.49p
1963g,coma.49p
49P/1958 B1,coma.49p
1957 VII,coma.49p
1958b,coma.49p
1950 VII,coma.49p
1951b,coma.49p
50P/1951 T1,coma.50p
Arend 1,coma.50p
1991 VIII,coma.50p
1991u,coma.50p
1983 VIII,coma.50p
1983q,coma.50p
1975 VI,coma.50p
1975m,coma.50p
1967 VI,coma.50p
1967l,coma.50p
50P/1959 N1,coma.50p
1959 V,coma.50p
1959c,coma.50p
1951 X,coma.50p
1951j,coma.50p
51P/1953 P1,coma.51p
Harrington 1,coma.51p
1994 XXII,coma.51p
1994g,coma.51p
1987 XXVIII,coma.51p
1987n,coma.51p
1980 XIV,coma.51p
1980m,coma.51p
51P/1960 P1,coma.51p
1960 VII,coma.51p
1960g,coma.51p
1953 VI,coma.51p
1953e,coma.51p
51P/1953 P1-A,coma.51p--a
Harrington 1-A,coma.51p--a
51P/1953 P1-D,coma.51p--d
Harrington 1-D,coma.51p--d
52P/1955 F1,coma.52p
Harrington-Abell 1,coma.52p
1991 X,coma.52p
1990m,coma.52p
1983 XVII,coma.52p
1983r,coma.52p
1976 VIII,coma.52p
1975l,coma.52p
1969 III,coma.52p
1968i,coma.52p
52P/1962 B1,coma.52p
1962 II,coma.52p
1962a,coma.52p
1954 XIII,coma.52p
1955a,coma.52p
53P/1954 R1,coma.53p
Van Biesbroeck 1,coma.53p
1991 VI,coma.53p
1989h1,coma.53p
1978 XXIV,coma.53p
1977s,coma.53p
53P/1965 J1,coma.53p
1966 III,coma.53p
1965d,coma.53p
1954 IV,coma.53p
1954i,coma.53p
54P/1844 Q1,coma.54p
de Vico-Swift-NEAT 1,coma.54p
54P/2002 T4,coma.54p
54P/1965 M1,coma.54p
1965 VII,coma.54p
1965e,coma.54p
54P/1894 W1,coma.54p
1894 IV,coma.54p
1894e,coma.54p
1844 I,coma.54p
55P/1865 Y1,coma.55p
Tempel-Tuttle,coma.55p
55P/1997 E1,coma.55p
55P/1965 M2,coma.55p
1965 IV,coma.55p
1965i,coma.55p
1866 I,coma.55p
55P/1699 U1,coma.55p
1699 II,coma.55p
55P/1366 U1,coma.55p
56P/1959 B1,coma.56p
Slaughter-Burnham 1,coma.56p
1993 X,coma.56p
1992w,coma.56p
1981 XVIII,coma.56p
1981i,coma.56p
56P/1969 V1,coma.56p
1970 V,coma.56p
1969f,coma.56p
1958 VI,coma.56p
1959a,coma.56p
57P/1941 O1,coma.57p
duToit-Neujmin-Delporte 1,coma.57p
1983 IX,coma.57p
1983g,coma.57p
1989 XIV,coma.57p
1989l,coma.57p
57P/1941 OE,coma.57p
1941 VII,coma.57p
1941e,coma.57p
57P/1970 N2,coma.57p
1970 XIII,coma.57p
1970i,coma.57p
57P/1983 RD6,coma.57p
57P/1941 O1-A,coma.57p--a
duToit-Neujmin-Delporte 1-A,coma.57p--a
58P/1936 S1,coma.58p
Jackson-Neujmin 1,coma.58p
1987 VIII,coma.58p
1987t,coma.58p
1978 XXVI,coma.58p
1978q,coma.58p
58P/1970 R1,coma.58p
1970 IX,coma.58p
1970k,coma.58p
1936 IV,coma.58p
1936c,coma.58p
59P/1963 Q1,coma.59p
Kearns-Kwee 1,coma.59p
1990 XXV,coma.59p
1989u,coma.59p
1981 XX,coma.59p
1981h,coma.59p
59P/1971 O1,coma.59p
1972 XI,coma.59p
1971c,coma.59p
1963 VIII,coma.59p
1963d,coma.59p
60P/1965 A2,coma.60p
Tsuchinshan 2,coma.60p
1992 XII,coma.60p
1991e1,coma.60p
1985 X,coma.60p
1985d,coma.60p
1978 XVI,coma.60p
1978p,coma.60p
60P/1971 S1,coma.60p
1971 X,coma.60p
1971d,coma.60p
1965 II,coma.60p
1965c,coma.60p
61P/1949 S1,coma.61p
Shajn-Schaldach 1,coma.61p
1993 XVII,coma.61p
1993k,coma.61p
1986 X,coma.61p
1985i,coma.61p
1979 I,coma.61p
1978i,coma.61p
61P/1971 S2,coma.61p
1971 IX,coma.61p
1971e,coma.61p
1949 VI,coma.61p
1949e,coma.61p
62P/1965 A1,coma.62p
Tsuchinshan 1,coma.62p
1991 XIV,coma.62p
1991c1,coma.62p
1985 I,coma.62p
1984p,coma.62p
1978 IX,coma.62p
1978e,coma.62p
62P/1971 Y1,coma.62p
1971 VIII,coma.62p
1971f,coma.62p
1965 I,coma.62p
1965b,coma.62p
63P/1960 G1,coma.63p
Wild 1,coma.63p
63P/1973 A2,coma.63p
1973 VIII,coma.63p
1973c,coma.63p
1960 I,coma.63p
1960b,coma.63p
64P/1889 W1,coma.64p
Swift-Gehrels 1,coma.64p
1991 II,coma.64p
1991c,coma.64p
1981 XIX,coma.64p
1981j,coma.64p
64P/1973 C1,coma.64p
1972 VII,coma.64p
1973d,coma.64p
1889 VI,coma.64p
1889f,coma.64p
65P/1970 U2,coma.65p
Gunn 1,coma.65p
1989 XI,coma.65p
1976 III,coma.65p
1969 II,coma.65p
1970p,coma.65p
65P/1954 P1,coma.65p
1953 VIII,coma.65p
66P/1944 K1,coma.66p
du Toit 1,coma.66p
66P/1974 F2,coma.66p
1974 IV,coma.66p
1944 III,coma.66p
1944c,coma.66p
67P/1969 R1,coma.67p
Churyumov-Gerasimenko 1,coma.67p
1989 VI,coma.67p
1988i,coma.67p
1982 VIII,coma.67p
1982f,coma.67p
67P/1975 P1,coma.67p
1976 VII,coma.67p
1975i,coma.67p
1969 IV,coma.67p
1969h,coma.67p
68P/1965 U1,coma.68p
Klemola 1,coma.68p
1987 XIV,coma.68p
1987i,coma.68p
68P/1976 P1,coma.68p
1976 X,coma.68p
1976j,coma.68p
1965 VI,coma.68p
1965j,coma.68p
69P/1915 W1-B,coma.69p
Taylor 1,coma.69p
1990 XXX,coma.69p
1990n,coma.69p
1984 II,coma.69p
1983u,coma.69p
69P/1976 X1,coma.69p
1977 II,coma.69p
1977a,coma.69p
1916 I,coma.69p
69P/1915 W1,coma.69p
1915e,coma.69p
70P/1970 Y1,coma.70p
Kojima 1,coma.70p
1994 VI,coma.70p
1992z,coma.70p
1986 VII,coma.70p
1985o,coma.70p
70P/1977 X1,coma.70p
1978 X,coma.70p
1977r,coma.70p
1970 XII,coma.70p
1970r,coma.70p
71P/1973 L1,coma.71p
Clark 1,coma.71p
1994t,coma.71p
1989 XX,coma.71p
1989h,coma.71p
1984 VIII,coma.71p
1983w,coma.71p
71P/1978 G1,coma.71p
1978 XXIII,coma.71p
1978g,coma.71p
1973 V,coma.71p
1973i,coma.71p
72P/1881 T1,coma.72p
Denning-Fujikawa 1,coma.72p
72P/1978 T2,coma.72p
1978 XIX,coma.72p
1978n,coma.72p
1881 V,coma.72p
1881f,coma.72p
73P/1930 J1,coma.73p
Schwassmann-Wachmann 3,coma.73p
1994w,coma.73p
1990 VIII,coma.73p
1989d1,coma.73p
73P/1979 P1,coma.73p
1979 VIII,coma.73p
1979g,coma.73p
1930 VI,coma.73p
1930d,coma.73p
73P/1930 J1-A,coma.73p--a
Schwassmann-Wachmann 3-A,coma.73p--a
73P/1930 J1-B,coma.73p--b
Schwassmann-Wachmann 3-B,coma.73p--b
73P/1930 J1-C,coma.73p--c
Schwassmann-Wachmann 3-C,coma.73p--c
73P/1930 J1-E,coma.73p--e
Schwassmann-Wachmann 3-E,coma.73p--e
73P/1930 J1-G,coma.73p--g
Schwassmann-Wachmann 3-G,coma.73p--g
73P/1930 J1-H,coma.73p--h
Schwassmann-Wachmann 3-H,coma.73p--h
73P/1930 J1-J,coma.73p--j
Schwassmann-Wachmann 3-J,coma.73p--j
73P/1930 J1-K,coma.73p--k
Schwassmann-Wachmann 3-K,coma.73p--k
73P/1930 J1-L,coma.73p--l
Schwassmann-Wachmann 3-L,coma.73p--l
73P/1930 J1-M,coma.73p--m
Schwassmann-Wachmann 3-M,coma.73p--m
73P/1930 J1-N,coma.73p--n
Schwassmann-Wachmann 3-N,coma.73p--n
73P/1930 J1-P,coma.73p--p
Schwassmann-Wachmann 3-P,coma.73p--p
73P/1930 J1-Q,coma.73p--q
Schwassmann-Wachmann 3-Q,coma.73p--q
73P/1930 J1-R,coma.73p--r
Schwassmann-Wachmann 3-R,coma.73p--r
73P/1930 J1-S,coma.73p--s
Schwassmann-Wachmann 3-S,coma.73p--s
73P/1930 J1-T,coma.73p--t
Schwassmann-Wachmann 3-T,coma.73p--t
73P/1930 J1-U,coma.73p--u
Schwassmann-Wachmann 3-U,coma.73p--u
73P/1930 J1-V,coma.73p--v
Schwassmann-Wachmann 3-V,coma.73p--v
73P/1930 J1-W,coma.73p--w
Schwassmann-Wachmann 3-W,coma.73p--w
73P/1930 J1-X,coma.73p--x
Schwassmann-Wachmann 3-X,coma.73p--x
73P/1930 J1-Y,coma.73p--y
Schwassmann-Wachmann 3-Y,coma.73p--y
73P/1930 J1-Z,coma.73p--z
Schwassmann-Wachmann 3-Z,coma.73p--z
73P/1930 J1-AA,coma.73p--aa
Schwassmann-Wachmann 3-AA,coma.73p--aa
73P/1930 J1-AB,coma.73p--ab
Schwassmann-Wachmann 3-AB,coma.73p--ab
73P/1930 J1-AC,coma.73p--ac
Schwassmann-Wachmann 3-AC,coma.73p--ac
73P/1930 J1-AD,coma.73p--ad
Schwassmann-Wachmann 3-AD,coma.73p--ad
73P/1930 J1-AE,coma.73p--ae
Schwassmann-Wachmann 3-AE,coma.73p--ae
73P/1930 J1-AF,coma.73p--af
Schwassmann-Wachmann 3-AF,coma.73p--af
73P/1930 J1-AG,coma.73p--ag
Schwassmann-Wachmann 3-AG,coma.73p--ag
73P/1930 J1-AH,coma.73p--ah
Schwassmann-Wachmann 3-AH,coma.73p--ah
73P/1930 J1-AI,coma.73p--ai
Schwassmann-Wachmann 3-AI,coma.73p--ai
73P/1930 J1-AJ,coma.73p--aj
Schwassmann-Wachmann 3-AJ,coma.73p--aj
73P/1930 J1-AK,coma.73p--ak
Schwassmann-Wachmann 3-AK,coma.73p--ak
73P/1930 J1-AL,coma.73p--al
Schwassmann-Wachmann 3-AL,coma.73p--al
73P/1930 J1-AM,coma.73p--am
Schwassmann-Wachmann 3-AM,coma.73p--am
73P/1930 J1-AN,coma.73p--an
Schwassmann-Wachmann 3-AN,coma.73p--an
73P/1930 J1-AO,coma.73p--ao
Schwassmann-Wachmann 3-AO,coma.73p--ao
73P/1930 J1-AP,coma.73p--ap
Schwassmann-Wachmann 3-AP,coma.73p--ap
73P/1930 J1-AQ,coma.73p--aq
Schwassmann-Wachmann 3-AQ,coma.73p--aq
73P/1930 J1-AR,coma.73p--ar
Schwassmann-Wachmann 3-AR,coma.73p--ar
73P/1930 J1-AS,coma.73p--as
Schwassmann-Wachmann 3-AS,coma.73p--as
73P/1930 J1-AT,coma.73p--at
Schwassmann-Wachmann 3-AT,coma.73p--at
73P/1930 J1-AU,coma.73p--au
Schwassmann-Wachmann 3-AU,coma.73p--au
73P/1930 J1-AV,coma.73p--av
Schwassmann-Wachmann 3-AV,coma.73p--av
73P/1930 J1-AW,coma.73p--aw
Schwassmann-Wachmann 3-AW,coma.73p--aw
73P/1930 J1-AX,coma.73p--ax
Schwassmann-Wachmann 3-AX,coma.73p--ax
73P/1930 J1-AY,coma.73p--ay
Schwassmann-Wachmann 3-AY,coma.73p--ay
73P/1930 J1-AZ,coma.73p--az
Schwassmann-Wachmann 3-AZ,coma.73p--az
73P/1930 J1-BA,coma.73p--ba
Schwassmann-Wachmann 3-BA,coma.73p--ba
73P/1930 J1-BB,coma.73p--bb
Schwassmann-Wachmann 3-BB,coma.73p--bb
73P/1930 J1-BC,coma.73p--bc
Schwassmann-Wachmann 3-BC,coma.73p--bc
73P/1930 J1-BD,coma.73p--bd
Schwassmann-Wachmann 3-BD,coma.73p--bd
73P/1930 J1-BE,coma.73p--be
Schwassmann-Wachmann 3-BE,coma.73p--be
73P/1930 J1-BF,coma.73p--bf
Schwassmann-Wachmann 3-BF,coma.73p--bf
73P/1930 J1-BG,coma.73p--bg
Schwassmann-Wachmann 3-BG,coma.73p--bg
73P/1930 J1-BH,coma.73p--bh
Schwassmann-Wachmann 3-BH,coma.73p--bh
73P/1930 J1-BI,coma.73p--bi
Schwassmann-Wachmann 3-BI,coma.73p--bi
73P/1930 J1-BJ,coma.73p--bj
Schwassmann-Wachmann 3-BJ,coma.73p--bj
73P/1930 J1-BK,coma.73p--bk
Schwassmann-Wachmann 3-BK,coma.73p--bk
73P/1930 J1-BL,coma.73p--bl
Schwassmann-Wachmann 3-BL,coma.73p--bl
73P/1930 J1-BM,coma.73p--bm
Schwassmann-Wachmann 3-BM,coma.73p--bm
73P/1930 J1-BN,coma.73p--bn
Schwassmann-Wachmann 3-BN,coma.73p--bn
73P/1930 J1-BO,coma.73p--bo
Schwassmann-Wachmann 3-BO,coma.73p--bo
73P/1930 J1-BP,coma.73p--bp
Schwassmann-Wachmann 3-BP,coma.73p--bp
73P/1930 J1-BQ,coma.73p--bq
Schwassmann-Wachmann 3-BQ,coma.73p--bq
73P/1930 J1-BR,coma.73p--br
Schwassmann-Wachmann 3-BR,coma.73p--br
73P/1930 J1-BS,coma.73p--bs
Schwassmann-Wachmann 3-BS,coma.73p--bs
73P/1930 J1-BT,coma.73p--bt
Schwassmann-Wachmann 3-BT,coma.73p--bt
74P/1975 E2,coma.74p
Smirnova-Chernykh 1,coma.74p
1992 XXI,coma.74p
1984 V,coma.74p
1975 VII,coma.74p
1975e,coma.74p
74P/1967 EU,coma.74p
1967 XV,coma.74p
75D/1975 C1,coma.75d
Kohoutek 1,coma.75d
75P/Kohoutek,coma.75d
1987 XXVII,coma.75d
1986k,coma.75d
75D/1980 P1,coma.75d
1981 IX,coma.75d
1980j,coma.75d
1975 III,coma.75d
1975c,coma.75d
76P/1975 D1,coma.76p
West-Kohoutek-Ikemura 1,coma.76p
1993 XXI,coma.76p
1993o,coma.76p
1987 XV,coma.76p
1987x,coma.76p
76P/1980 V2,coma.76p
1981 VIII,coma.76p
1980r,coma.76p
1975 IV,coma.76p
1975b,coma.76p
77P/1975 L1,coma.77p
Longmore 1,coma.77p
1994q,coma.77p
1988 XVIII,coma.77p
1987c1,coma.77p
77P/1981 A1,coma.77p
1981 XVI,coma.77p
1981a,coma.77p
1974 XIV,coma.77p
1975g,coma.77p
78P/1973 S1,coma.78p
Gehrels 2,coma.78p
1989 XVII,coma.78p
1989n,coma.78p
78P/1981 L1,coma.78p
1981 XVII,coma.78p
1981f,coma.78p
1973 XI,coma.78p
1973n,coma.78p
79P/1945 G1,coma.79p
du Toit-Hartley 1,coma.79p
1987 IX,coma.79p
1986q,coma.79p
1982 II,coma.79p
79P/1982 C1-A,coma.79p
1982b,coma.79p
1945 II,coma.79p
1945c,coma.79p
79P/1945 G1-A,coma.79p--a
du Toit-Hartley 1-A,coma.79p--a
79P/1945 G1-B,coma.79p--b
du Toit-Hartley 1-B,coma.79p--b
80P/1982 N1,coma.80p
Peters-Hartley 1,coma.80p
1990 IX,coma.80p
1990d,coma.80p
1982 III,coma.80p
1982h,coma.80p
80P/1846 M1,coma.80p
1846 VI,coma.80p
81P/1978 A2,coma.81p
Wild 2,coma.81p
1990 XXVIII,coma.81p
1989t,coma.81p
81P/1983 S1,coma.81p
1984 XIV,coma.81p
1983s,coma.81p
1978 XI,coma.81p
1978b,coma.81p
82P/1975 U1,coma.82p
Gehrels 3,coma.82p
1993 XIV,coma.82p
1992v,coma.82p
82P/1984 P1,coma.82p
1985 IV 1984l,coma.82p
1977 VII,coma.82p
1975o,coma.82p
83D/1979 M2,coma.83d
Russell 1,coma.83d
83D/1985 G1,coma.83d
1985 IX,coma.83d
1985b,coma.83d
1979 V,coma.83d
1979d,coma.83d
84P/1978 R2,coma.84p
Giclas 1,coma.84p
1992 XXV,coma.84p
1992l,coma.84p
84P/1985 M1,coma.84p
1985 XV,coma.84p
1985g,coma.84p
1978 XXII,coma.84p
1978k,coma.84p
85D/1975 A1,coma.85d
Boethin 1,coma.85d
85P/Boethin,coma.85d
85P/1985 T2,coma.85d
1986 I,coma.85d
1985n,coma.85d
85P/1975 A1,coma.85d
1975 I,coma.85d
1975a,coma.85d
86P/1980 G1,coma.86p
Wild 3,coma.86p
1994 XXI,coma.86p
1994b,coma.86p
86P/1987 B3,coma.86p
1987 XX,coma.86p
1987e,coma.86p
1980 VII,coma.86p
1980d,coma.86p
87P/1981 E1,coma.87p
Bus 1,coma.87p
1994 XVI,coma.87p
1993b,coma.87p
87P/1987 B4,coma.87p
1987 XXXIV,coma.87p
1987f,coma.87p
1981 XI,coma.87p
1981b,coma.87p
88P/1981 Q1,coma.88p
Howell 1,coma.88p
1993 II,coma.88p
1992c,coma.88p
88P/1987 E1,coma.88p
1987 VI,coma.88p
1987h,coma.88p
1981 X,coma.88p
1981k,coma.88p
89P/1980 S1,coma.89p
Russell 2,coma.89p
1994 XXIX,coma.89p
1994e,coma.89p
89P/1987 N1,coma.89p
1987 XI,coma.89p
1987q,coma.89p
1980 III,coma.89p
1980o,coma.89p
90P/1972 T1,coma.90p
Gehrels 1,coma.90p
90P/1987 Q2,coma.90p
1987 XVI,coma.90p
1987v,coma.90p
1973 I,coma.90p
1972k,coma.90p
91P/1983 L1,coma.91p
Russell 3,coma.91p
91P/1989 A4,coma.91p
1990 VII,coma.91p
1989d,coma.91p
1982 IX,coma.91p
1983i,coma.91p
92P/1977 T2,coma.92p
Sanguin 1,coma.92p
92P/1989 J1,coma.92p
1990 IV,coma.92p
1989z,coma.92p
1977 XII,coma.92p
1977p,coma.92p
93P/1980 X1,coma.93p
Lovas 1,coma.93p
93P/1989 N2,coma.93p
1989 XIII,coma.93p
1989p,coma.93p
1980 V,coma.93p
1980s,coma.93p
94P/1984 E1,coma.94p
Russell 4,coma.94p
94P/1989 X2,coma.94p
1990 XI,coma.94p
1989g1,coma.94p
1984 I,coma.94p
1984d,coma.94p
95P/1977 UB,coma.95p
Chiron,coma.95p
2060,coma.95p
2060Chiron,coma.95p
96P/1986 J2,coma.96p
Machholz 1,coma.96p
1991 XII,coma.96p
1986 VIII,coma.96p
1986e,coma.96p
97P/1906 V2,coma.97p
Metcalf-Brewington 1,coma.97p
97P/1991 A1,coma.97p
1991 I,coma.97p
1991a,coma.97p
1906 VI,coma.97p
1906h,coma.97p
98P/1984 O1,coma.98p
Takamizawa 1,coma.98p
98P/1991 D1,coma.98p
1991 XIII,coma.98p
1991h,coma.98p
1984 VII,coma.98p
1984j,coma.98p
99P/1977 H2,coma.99p
Kowal 1,coma.99p
99P/1991 D2,coma.99p
1992 VI,coma.99p
1991i,coma.99p
1977 III,coma.99p
1977f,coma.99p
100P/1985 L1,coma.100p
Hartley 1,coma.100p
100P/1991 E1,coma.100p
1991 VII,coma.100p
1991j,coma.100p
1985 VII,coma.100p
1985f,coma.100p
101P/1977 Q1,coma.101p
Chernykh 1,coma.101p
101P/1991 L1,coma.101p
1992 II,coma.101p
1991o,coma.101p
1978 IV,coma.101p
1977l,coma.101p
101P/1977 Q1-B,coma.101p--b
Chernykh 1-B,coma.101p--b
102P/1984 S2,coma.102p
Shoemaker 1,coma.102p
102P/1991 L2,coma.102p
1991 XXIII,coma.102p
1991p,coma.102p
1984 XVI,coma.102p
1984q,coma.102p
103P/1986 E2,coma.103p
Hartley 2,coma.103p
103P/1991 N1,coma.103p
1991 XV,coma.103p
1991t,coma.103p
1985 V,coma.103p
1986c,coma.103p
104P/1979 B1,coma.104p
Kowal 2,coma.104p
104P/1991 X1,coma.104p
1991 XX,coma.104p
1991f1,coma.104p
1979 II,coma.104p
1979a,coma.104p
105P/1986 J1,coma.105p
Singer Brewster 1,coma.105p
105P/1992 G1,coma.105p
1992 XXVI,coma.105p
1992e,coma.105p
1986 XI,coma.105p
1986d,coma.105p
106P/1977 T1,coma.106p
Schuster 1,coma.106p
106P/1992 O1,coma.106p
1992 XXIV,coma.106p
1992n,coma.106p
1978 I,coma.106p
1977o,coma.106p
107P/1949 W1,coma.107p
Wilson-Harrington 1,coma.107p
4015,coma.107p
1979 VA,coma.107p
108P/1985 V1,coma.108p
Ciffreo 1,coma.108p
108P/1992 S1,coma.108p
1993 I,coma.108p
1992s,coma.108p
1985 XVI,coma.108p
1985p,coma.108p
109P/1862 O1,coma.109p
Swift-Tuttle 1,coma.109p
109P/1992 S2,coma.109p
1992 XXVIII,coma.109p
1992t,coma.109p
1862 III,coma.109p
109P/1737 N1,coma.109p
1737 II,coma.109p
109P/ 188 O1,coma.109p
109P/ -68 Q1,coma.109p
110P/1988 D1,coma.110p
Hartley 3,coma.110p
110P/1993 M1,coma.110p
1994 XII,coma.110p
1993m,coma.110p
1987 XII,coma.110p
1988d,coma.110p
111P/1989 A2,coma.111p
Helin-Roman-Crockett 1,coma.111p
1988 XIII,coma.111p
1989b,coma.111p
112P/1986 UD,coma.112p
Urata-Niijima 1,coma.112p
112P/1993 U1,coma.112p
1993 XII,coma.112p
1993q,coma.112p
1986 XVI,coma.112p
1986o,coma.112p
113P/1890 W1,coma.113p
Spitaler 1,coma.113p
113P/1993 U2,coma.113p
1994 III,coma.113p
1993r,coma.113p
1890 VII,coma.113p
1890f,coma.113p
114P/1986 Y1,coma.114p
Wiseman-Skiff 1,coma.114p
114P/1993 X2,coma.114p
1993 IX,coma.114p
1993u,coma.114p
1986 XV,coma.114p
1987b,coma.114p
115P/1985 Q1,coma.115p
Maury 1,coma.115p
115P/1994 J1,coma.115p
1994 VIII,coma.115p
1994h,coma.115p
1985 VI,coma.115p
1985k,coma.115p
116P/1990 B1,coma.116p
Wild 4,coma.116p
116P/1994 V1,coma.116p
1994v,coma.116p
1990 X,coma.116p
1990a,coma.116p
117P/1989 T2,coma.117p
Helin-Roman-Alu 1,coma.117p
1987 XXXVII,coma.117p
1989w,coma.117p
118P/1991 C2,coma.118p
Shoemaker-Levy 4,coma.118p
118P/1995 M1,coma.118p
1990 XII,coma.118p
1991f,coma.118p
119P/1989 E1,coma.119p
Parker-Hartley 1,coma.119p
119P/1995 M2,coma.119p
1987 XXXVI,coma.119p
1989i,coma.119p
120P/1987 U2,coma.120p
Mueller 1,coma.120p
120P/1995 O2,coma.120p
1987 XXXI,coma.120p
1987a1,coma.120p
121P/1989 E2,coma.121p
Shoemaker-Holt 2,coma.121p
121P/1995 Q3,coma.121p
1988 XI,coma.121p
1989j,coma.121p
122P/1846 D1,coma.122p
de Vico 1,coma.122p
122P/1995 S1,coma.122p
1846 IV,coma.122p
123P/1989 E3,coma.123p
West-Hartley 1,coma.123p
123P/1995 S2,coma.123p
1988 XVI,coma.123p
1989k,coma.123p
124P/1991 F1,coma.124p
Mrkos 1,coma.124p
124P/1995 S3,coma.124p
1991 IV,coma.124p
1991k,coma.124p
125P/1991 R2,coma.125p
Spacewatch 1,coma.125p
125P/1996 F1,coma.125p
1990 XXIX,coma.125p
1991x,coma.125p
126P/1983 M1,coma.126p
IRAS 1,coma.126p
126P/1996 P1,coma.126p
1983 XIV,coma.126p
1983j,coma.126p
127P/1990 R2,coma.127p
Holt-Olmstead 1,coma.127p
127P/1996 S1,coma.127p
1990 XVIII,coma.127p
1990k,coma.127p
128P/1987 U1,coma.128p
Shoemaker-Holt 1,coma.128p
1988 VII,coma.128p
1996 S2,coma.128p
128P/1987 U1-A,coma.128p--a
Shoemaker-Holt 1-A,coma.128p--a
128P/1987 U1-B,coma.128p--b
Shoemaker-Holt 1-B,coma.128p--b
128P-B/1987 U1,coma.128p--b
129P/1991 C1,coma.129p
Shoemaker-Levy 3,coma.129p
129P/1996 U1,coma.129p
1990 XXVII,coma.129p
1991e,coma.129p
130P/1991 S1,coma.130p
McNaught-Hughes 1,coma.130p
130P/1997 H1,coma.130p
1991 IX,coma.130p
1991y,coma.130p
131P/1990 R1,coma.131p
Mueller 2,coma.131p
131P/1997 M2,coma.131p
1990 XXIV,coma.131p
1990j,coma.131p
132P/1989 U1,coma.132p
Helin-Roman-Alu 2,coma.132p
132P/1997 N2,coma.132p
1989 XVI,coma.132p
1989y,coma.132p
133P/1996 N2,coma.133p
Elst-Pizarro 1,coma.133p
7968,coma.133p
1979 OW7,coma.133p
134P/1983 J3,coma.134p
Kowal-Vavrova 1,coma.134p
134P/1997 X2,coma.134p
1983 III,coma.134p
1983t,coma.134p
135P/1992 G2,coma.135p
Shoemaker-Levy 8,coma.135p
135P/1998 B1,coma.135p
1992 XV,coma.135p
1992f,coma.135p
136P/1990 S1,coma.136p
Mueller 3,coma.136p
136P/1998 K4,coma.136p
1990 XIII,coma.136p
1990l,coma.136p
137P/1990 UL3,coma.137p
Shoemaker-Levy 2,coma.137p
137P/1998 K6,coma.137p
1990 XVI,coma.137p
1990p,coma.137p
138P/1991 V2,coma.138p
Shoemaker-Levy 7,coma.138p
138P/1998 O1,coma.138p
1991 XIX,coma.138p
1991d1,coma.138p
139P/1939 TN,coma.139p
Vaisala-Oterma 1,coma.139p
139P/1998 WG22,coma.139p
140P/1983 C1,coma.140p
Bowell-Skiff 1,coma.140p
140P/1998 X2,coma.140p
1983 II,coma.140p
1983c,coma.140p
141P/1994 P1-A,coma.141p--a
Machholz 2-A,coma.141p--a
141P/1994 P1,coma.141p--a
141P-A/1999 P1,coma.141p--a
141P-A/1994 P1-A,coma.141p--a
141P/1994 P1-D,coma.141p--d
Machholz 2-D,coma.141p--d
141P-D/1994 P1-D,coma.141p--d
142P/1988 V1,coma.142p
Ge-Wang 1,coma.142p
142P/1999 R2,coma.142p
1988 VIII,coma.142p
1988o,coma.142p
143P/1984 H1,coma.143p
Kowal-Mrkos 1,coma.143p
143P/2000 ET90,coma.143p
1984 X,coma.143p
1984n,coma.143p
144P/1994 A1,coma.144p
Kushida 1,coma.144p
144P/2000 O2,coma.144p
1993 XX,coma.144p
1994a,coma.144p
145P/1991 T1,coma.145p
Shoemaker-Levy 5,coma.145p
145P/2000 R1,coma.145p
1991 XXII,coma.145p
1991z,coma.145p
146P/1984 W1,coma.146p
Shoemaker-LINEAR 1,coma.146p
146P/2000 S2,coma.146p
1984 XVIII,coma.146p
1984u,coma.146p
147P/1993 X1,coma.147p
Kushida-Muramatsu 1,coma.147p
147P/2000 T2,coma.147p
1993 XIX,coma.147p
1993t,coma.147p
148P/1963 W1,coma.148p
Anderson-LINEAR 1,coma.148p
149P/1992 G3,coma.149p
Mueller 4,coma.149p
1992 IV,coma.149p
1992g,coma.149p
150P/2000 WT168,coma.150p
LONEOS 3,coma.150p
151P/1987 Q3,coma.151p
Helin 1,coma.151p
151P/2001 M1,coma.151p
1987 XVII,coma.151p
1987w,coma.151p
152P/1993 K2,coma.152p
Helin-Lawrence 1,coma.152p
152P/2001 Y1,coma.152p
1993 XI,coma.152p
1993l,coma.152p
153P/2002 C1,coma.153p
Ikeya-Zhang 1,coma.153p
154P/1992 Q1,coma.154p
Brewington 1,coma.154p
154P/2002 Q4,coma.154p
1992 XIV,coma.154p
1992p,coma.154p
155P/1986 A1,coma.155p
Shoemaker 3,coma.155p
155P/2002 R2,coma.155p
1985 XVIII,coma.155p
1986a,coma.155p
156P/2000 QD181,coma.156p
Russell-LINEAR 1,coma.156p
156P/1993 WU,coma.156p
156P/1986 R1,coma.156p
157P/1978 C2,coma.157p
Tritton 1,coma.157p
157P/2003 T1,coma.157p
1977 XIII,coma.157p
1978d,coma.157p
158P/2001 RG100,coma.158p
Kowal-LINEAR 1,coma.158p
158P/1979 O1,coma.158p
1979h,coma.158p
159P/2003 UD16,coma.159p
LONEOS 7,coma.159p
160P/2004 NL21,coma.160p
LINEAR 43,coma.160p
161P/1983 V1,coma.161p
Hartley-IRAS 1,coma.161p
161P/2004 V2,coma.161p
1984 III,coma.161p
1983v,coma.161p
162P/2004 TU12,coma.162p
Siding Spring 2,coma.162p
163P/2004 V4,coma.163p
NEAT 21,coma.163p
164P/2004 Y1,coma.164p
Christensen 2,coma.164p
165P/2000 B4,coma.165p
LINEAR 10,coma.165p
166P/2001 T4,coma.166p
NEAT 8,coma.166p
167P/2004 PY42,coma.167p
CINEOS 1,coma.167p
168P/1998 W2,coma.168p
Hergenrother 1,coma.168p
168P/2005 N2,coma.168p
169P/2002 EX12,coma.169p
NEAT 22,coma.169p
170P/2005 M1,coma.170p
Christensen 4,coma.170p
171P/1998 W1,coma.171p
Spahr 2,coma.171p
171P/2005 R3,coma.171p
172P/2002 BV,coma.172p
Yeung 1,coma.172p
172P/2001 CB40,coma.172p
173P/1993 W1,coma.173p
Mueller 5,coma.173p
173P/2005 T1,coma.173p
1994 XXV,coma.173p
1993s,coma.173p
174P/2000 EC98,coma.174p
Echeclus,coma.174p
60558,coma.174p
2002 GJ27,coma.174p
175P/2000 C1,coma.175p
Hergenrother 2,coma.175p
175P/2006 A3,coma.175p
176P/1999 RE70,coma.176p
LINEAR 52,coma.176p
118401,coma.176p
2001 AR7,coma.176p
177P/1889 M1,coma.177p
Barnard 2,coma.177p
177P/2006 M3,coma.177p
178P/1999 X1,coma.178p
Hug-Bell 1,coma.178p
178P/2006 O1,coma.178p
179P/1995 A1,coma.179p
Jedicke 1,coma.179p
179P/2006 U2,coma.179p
180P/2001 K1,coma.180p
NEAT 3,coma.180p
180P/2006 U3,coma.180p
181P/1991 V1,coma.181p
Shoemaker-Levy 6,coma.181p
181P/2006 U4,coma.181p
1991 XVIII,coma.181p
1991b1,coma.181p
182P/2001 WF2,coma.182p
LONEOS 6,coma.182p
182P/2006 W2,coma.182p
183P/1999 DN3,coma.183p
Korlevic-Juric 1,coma.183p
183P/2006 Y1,coma.183p
184P/1986 W1,coma.184p
Lovas 2,coma.184p
184P/2007 A1,coma.184p
1986 XIII,coma.184p
1986p,coma.184p
185P/2001 Q2,coma.185p
Petriew 1,coma.185p
185P/2007 A3,coma.185p
186P/2007 B3,coma.186p
Garradd 1,coma.186p
186P/1977 O1,coma.186p
187P/1999 J5,coma.187p
LINEAR 4,coma.187p
187P/2007 E3,coma.187p
188P/1998 S1,coma.188p
LINEAR-Mueller 1,coma.188p
188P/2007 J7,coma.188p
189P/2002 O5,coma.189p
NEAT 10,coma.189p
189P/2007 N2,coma.189p
190P/1998 U2,coma.190p
Mueller 6,coma.190p
190P/2007 O2,coma.190p
191P/2007 N1,coma.191p
McNaught 11,coma.191p
191P/2000 P3,coma.191p
192P/1990 V1,coma.192p
Shoemaker-Levy 1,coma.192p
192P/2007 T3,coma.192p
1990 XV,coma.192p
1990o,coma.192p
193P/2001 Q5,coma.193p
LINEAR-NEAT 2,coma.193p
193P/2007 U2,coma.193p
194P/2000 B3,coma.194p
LINEAR 9,coma.194p
194P/2007 W2,coma.194p
195P/2006 W4,coma.195p
Hill 3,coma.195p
195P/1993 D1,coma.195p
196P/2000 U6,coma.196p
Tichy 1,coma.196p
196P/2008 C2,coma.196p
197P/2003 KV2,coma.197p
LINEAR 30,coma.197p
197P/2008 E2,coma.197p
198P/1998 X1,coma.198p
ODAS 1,coma.198p
198P/2006 B7,coma.198p
199P/1994 J3,coma.199p
Shoemaker 4,coma.199p
199P/2008 G2,coma.199p
1994 XXVIII,coma.199p
1994k,coma.199p
200P/1997 V1,coma.200p
Larsen 1,coma.200p
200P/2008 L1,coma.200p
201P/2001 R1,coma.201p
LONEOS 4,coma.201p
201P/2008 Q4,coma.201p
202P/2001 X2,coma.202p
Scotti 2,coma.202p
202P/2008 R2,coma.202p
203P/1999 WJ7,coma.203p
Korlevic 1,coma.203p
203P/2008 R4,coma.203p
204P/2001 TU80,coma.204p
LINEAR-NEAT 3,coma.204p
204P/2008 R5,coma.204p
205P/1896 R2,coma.205p
Giacobini 1,coma.205p
205P/2008 R6,coma.205p
205P/1896 R2-A,coma.205p--a
Giacobini 1-A,coma.205p--a
205P/1896 R2-B,coma.205p--b
Giacobini 1-B,coma.205p--b
205P/1896 R2-C,coma.205p--c
Giacobini 1-C,coma.205p--c
206P/1892 T1,coma.206p
Barnard-Boattini 1,coma.206p
206P/2008 T3,coma.206p
207P/2001 J1,coma.207p
NEAT 4,coma.207p
207P/2008 T5,coma.207p
208P/2008 U1,coma.208p
McMillan 1,coma.208p
208P/2000 S7,coma.208p
209P/2004 CB,coma.209p
LINEAR 41,coma.209p
209P/2008 X2,coma.209p
210P/2003 K2,coma.210p
Christensen 1,coma.210p
210P/2008 X4,coma.210p
211P/2008 X1,coma.211p
Hill 7,coma.211p
211P/2003 F6,coma.211p
212P/2000 YN30,coma.212p
NEAT 24,coma.212p
213P/2005 R2,coma.213p
Van Ness 2,coma.213p
213P/2009 B3,coma.213p
213P/2005 R2-B,coma.213p--b
Van Ness 2-B,coma.213p--b
214P/2002 CW134,coma.214p
LINEAR 22,coma.214p
214P/2009 B4,coma.214p
215P/2002 O8,coma.215p
NEAT 11,coma.215p
215P/2009 B5,coma.215p
216P/2001 CV8,coma.216p
LINEAR 16,coma.216p
216P/2009 D1,coma.216p
217P/2001 MD7,coma.217p
LINEAR 17,coma.217p
217P/2009 F3,coma.217p
218P/2003 H4,coma.218p
LINEAR 29,coma.218p
218P/2009 F7,coma.218p
219P/2002 LZ11,coma.219p
LINEAR 38,coma.219p
219P/2009 H1,coma.219p
220P/2004 K2,coma.220p
McNaught 1,coma.220p
220P/2009 H2,coma.220p
221P/2002 JN16,coma.221p
LINEAR 25,coma.221p
221P/2009 L1,coma.221p
222P/2004 X1,coma.222p
LINEAR 46,coma.222p
222P/2009 MB9,coma.222p
223P/2002 S1,coma.223p
Skiff 2,coma.223p
223P/2009 L18,coma.223p
224P/2003 XD10,coma.224p
LINEAR-NEAT 5,coma.224p
224P/2009 Q2,coma.224p
225P/2002 T1,coma.225p
LINEAR 26,coma.225p
225P/2009 Q3,coma.225p
226P/2003 A1,coma.226p
Pigott-LINEAR-Kowalski 1,coma.226p
226P/2009 R2,coma.226p
226P/1783 W1,coma.226p
227P/2004 EW38,coma.227p
Catalina-LINEAR 1,coma.227p
227P/2009 S4,coma.227p
228P/2001 YX127,coma.228p
LINEAR 21,coma.228p
228P/2009 U2,coma.228p
229P/2009 S1,coma.229p
Gibbs 10,coma.229p
229P/2001 Q10,coma.229p
230P/2009 U6,coma.230p
LINEAR 57,coma.230p
230P/2002 Q15,coma.230p
230P/1997 A2,coma.230p
231P/2003 CP7,coma.231p
LINEAR-NEAT 4,coma.231p
231P/2009 X1,coma.231p
232P/2009 W1,coma.232p
Hill 10,coma.232p
232P/1999 XO188,coma.232p
233P/2009 WJ50,coma.233p
La Sagra 3,coma.233p
233P/2005 JR71,coma.233p
234P/2002 CF140,coma.234p
LINEAR 60,coma.234p
234P/2010 E4,coma.234p
235P/2002 FA9,coma.235p
LINEAR 61,coma.235p
235P/2010 F2,coma.235p
236P/2003 UY275,coma.236p
LINEAR 39,coma.236p
236P/2010 K1,coma.236p
237P/2002 LN13,coma.237p
LINEAR 62,coma.237p
237P/2010 L2,coma.237p
238P/2005 U1,coma.238p
Read 3,coma.238p
238P/2010 N2,coma.238p
239P/1999 XB69,coma.239p
LINEAR 11,coma.239p
239P/2010 C2,coma.239p
240P/2002 X2,coma.240p
NEAT 12,coma.240p
240P/2010 P1,coma.240p
241P/1999 U3,coma.241p
LINEAR 7,coma.241p
241P/2010 P2,coma.241p
242P/1998 U4,coma.242p
Spahr 1,coma.242p
242P/2010 P3,coma.242p
243P/2003 S2,coma.243p
NEAT 17,coma.243p
243P/2010 P5,coma.243p
244P/2000 Y3,coma.244p
Scotti 1,coma.244p
244P/2010 Q1,coma.244p
245P/2010 L1,coma.245p
WISE 5,coma.245p
245P/2002 Q16,coma.245p
246P/2004 F3,coma.246p
NEAT 20,coma.246p
246P/2010 V2,coma.246p
247P/2002 VP94,coma.247p
LINEAR 63,coma.247p
247P/2010 V3,coma.247p
248P/2010 W1,coma.248p
Gibbs 11,coma.248p
248P/2010 TL69,coma.248p
248P/1996 TT65,coma.248p
249P/2006 U1,coma.249p
LINEAR 53,coma.249p
249P/2011 A4,coma.249p
250P/2011 A1,coma.250p
Larson 4,coma.250p
251P/2004 HC18,coma.251p
LINEAR 42,coma.251p
251P/2011 J1,coma.251p
252P/2000 G1,coma.252p
LINEAR 12,coma.252p
252P/2011 L5,coma.252p
253P/2011 R2,coma.253p
PanSTARRS 3,coma.253p
253P/1998 RS22,coma.253p
254P/2010 T1,coma.254p
McNaught 19,coma.254p
255P/2006 T1,coma.255p
Levy 2,coma.255p
255P/2011 Y1,coma.255p
PK06T010,coma.255p
256P/2003 HT15,coma.256p
LINEAR 31,coma.256p
256P/2012 B2,coma.256p
257P/2005 JY126,coma.257p
Catalina 4,coma.257p
257P/2012 F4,coma.257p
258P/2012 H1,coma.258p
PanSTARRS 10,coma.258p
259P/2008 R1,coma.259p
Garradd 4,coma.259p
260P/2005 K3,coma.260p
McNaught 4,coma.260p
260P/2012 K2,coma.260p
261P/2005 N3,coma.261p
Larson 1,coma.261p
261P/2012 K4,coma.261p
262P/1994 X1,coma.262p
McNaught-Russell 1,coma.262p
262P/2012 K7,coma.262p
1994 XXIV,coma.262p
1994u,coma.262p
263P/2006 Y2,coma.263p
Gibbs 3,coma.263p
263P/2012 K9,coma.263p
264P/2004 H3,coma.264p
Larsen 4,coma.264p
264P/2012 L4,coma.264p
265P/2003 O2,coma.265p
LINEAR 32,coma.265p
265P/2012 M1,coma.265p
266P/2006 U5,coma.266p
Christensen 12,coma.266p
266P/2012 P1,coma.266p
267P/2006 Q2,coma.267p
LONEOS 12,coma.267p
267P/2012 R1,coma.267p
268P/2005 V1,coma.268p
Bernardi 1,coma.268p
268P/2012 P2,coma.268p
269P/1996 A1,coma.269p
Jedicke 2,coma.269p
269P/2012 R2,coma.269p
270P/1997 C1,coma.270p
Gehrels 4,coma.270p
270P/2012 S5,coma.270p
271P/1960 S1,coma.271p
van Houten-Lemmon 1,coma.271p
1961 X,coma.271p
271P/2012 TB36,coma.271p
272P/2004 F1,coma.272p
NEAT 19,coma.272p
272P/2012 V3,coma.272p
273P/1827 M1,coma.273p
Pons-Gambart 1,coma.273p
273P/2012 V4,coma.273p
274P/2012 WX32,coma.274p
Tombaugh-Tenagra 1,coma.274p
274P/2003 WZ141,coma.274p
274P/1931 AN,coma.274p
275P/1999 D1,coma.275p
Hermann 1,coma.275p
275P/2012 Y2,coma.275p
276P/2012 T7,coma.276p
Vorobjov 1,coma.276p
277P/2005 YQ127,coma.277p
LINEAR 51,coma.277p
277P/2013 A3,coma.277p
278P/2006 K2,coma.278p
McNaught 9,coma.278p
278P/2013 B1,coma.278p
279P/2009 QG31,coma.279p
La Sagra 1,coma.279p
280P/2004 H2,coma.280p
Larsen 3,coma.280p
280P/2013 C1,coma.280p
281P/2013 CE31,coma.281p
MOSS 1,coma.281p
282P/2003 BM80 [,coma.282p
323137,coma.282p
282P/2003 FV112,coma.282p
283P/2013 EV9,coma.283p
Spacewatch 6,coma.283p
284P/2007 H1,coma.284p
McNaught 10,coma.284p
284P/2013 J1,coma.284p
285P/2003 U2,coma.285p
LINEAR 36,coma.285p
285P/2013 K2,coma.285p
286P/2005 L4,coma.286p
Christensen 3,coma.286p
286P/2013 K3,coma.286p
287P/2006 R2,coma.287p
Christensen 9,coma.287p
287P/2013 L1,coma.287p
288P/2006 VW139 [,coma.288p
300163,coma.288p
289P/1819 W1,coma.289p
Blanpain 1,coma.289p
289P/2003 WY25,coma.289p
290P/1998 U3,coma.290p
Jager 1,coma.290p
290P/2013 N1,coma.290p
291P/2003 S1,coma.291p
NEAT 16,coma.291p
291P/2013 N2,coma.291p
292P/1998 Y2,coma.292p
Li 1,coma.292p
292P/2013 O1,coma.292p
293P/2006 XG16,coma.293p
Spacewatch 4,coma.293p
293P/2013 R2,coma.293p
294P/2008 A2,coma.294p
LINEAR 54,coma.294p
294P/2013 X2,coma.294p
295P/2002 AR2,coma.295p
LINEAR 23,coma.295p
295P/2013 Y1,coma.295p
296P/2007 H3,coma.296p
Garradd 2,coma.296p
296P/2014 A1,coma.296p
297P/2008 J2,coma.297p
Beshore 1,coma.297p
297P/2014 D1,coma.297p
298P/2007 C1,coma.298p
Christensen 15,coma.298p
298P/2014 C4,coma.298p
299P/2014 D2,coma.299p
Catalina-PanSTARRS 2,coma.299p
299P/2005 EL284,coma.299p
300P/2005 JQ5,coma.300p
Catalina 3,coma.300p
300P/2014 G2,coma.300p
301P/2001 BB50,coma.301p
LINEAR-NEAT 1,coma.301p
301P/2014 K1,coma.301p
302P/2007 RJ236,coma.302p
Lemmon-PanSTARRS 2,coma.302p
302P/2014 K2,coma.302p
303P/2003 U3,coma.303p
NEAT 18,coma.303p
303P/2014 L1,coma.303p
304P/2008 Q2,coma.304p
Ory 1,coma.304p
304P/2014 L4,coma.304p
305P/2004 V1,coma.305p
Skiff 3,coma.305p
305P/2014 N1,coma.305p
306P/2003 O3,coma.306p
LINEAR 33,coma.306p
306P/2014 M5,coma.306p
307P/2000 QJ46,coma.307p
LINEAR 50,coma.307p
307P/2014 O1,coma.307p
308P/1997 T3,coma.308p
Lagerkvist-Carsenty 1,coma.308p
308P/2014 O2,coma.308p
309P/2005 Q4,coma.309p
LINEAR 47,coma.309p
309P/2014 Q4,coma.309p
310P/2006 S6,coma.310p
Hill 2,coma.310p
310P/2014 Q5,coma.310p
311P/2013 P5,coma.311p
PanSTARRS 23,coma.311p
312P/2001 Q11,coma.312p
NEAT 25,coma.312p
312P/2014 R2,coma.312p
313P/2014 S4,coma.313p
Gibbs 16,coma.313p
313P/2003 S10,coma.313p
314P/1997 G1,coma.314p
Montani 1,coma.314p
314P/2014 U1,coma.314p
315P/2004 VR8,coma.315p
LONEOS 9,coma.315p
315P/2013 V6,coma.315p
316P/2005 RV25,coma.316p
LONEOS-Christensen 1,coma.316p
316P/2014 U5,coma.316p
317P/2010 K2,coma.317p
WISE 4,coma.317p
317P/2015 B3,coma.317p
318P/1994 N2,coma.318p
McNaught-Hartley 1,coma.318p
318P/2014 M6,coma.318p
1994 XXXI,coma.318p
1994n,coma.318p
319P/2008 S1,coma.319p
Catalina-McNaught 1,coma.319p
319P/2015 G1,coma.319p
320P/2004 R1,coma.320p
McNaught 2,coma.320p
320P/2015 HC10,coma.320p
321P/1997 J6,coma.321p
SOHO 3,coma.321p
321P/2012 M2,coma.321p
321P/2008 S2,coma.321p
321P/2004 X7,coma.321p
321P/2001 D1,coma.321p
322P/1999 R1,coma.322p
SOHO 1,coma.322p
322P/2003 R5,coma.322p
322P/2007 R5,coma.322p
322P/2011 R4,coma.322p
323P/1999 X3,coma.323p
SOHO 2,coma.323p
323P/2012 Q2,coma.323p
323P/2008 K10,coma.323p
323P/2004 E2,coma.323p
324P/2010 R2,coma.324p
La Sagra 4,coma.324p
324P/2015 K3,coma.324p
325P/2009 L2,coma.325p
Yang-Gao 1,coma.325p
325P/2015 J4,coma.325p
326P/2007 V2,coma.326p
Hill 4,coma.326p
326P/2015 P1,coma.326p
327P/2002 Q1,coma.327p
Van Ness 1,coma.327p
327P/2015 P2,coma.327p
328P/1998 QP54,coma.328p
LONEOS-Tucker 1,coma.328p
328P/2015 S1,coma.328p
329P/2003 WC7,coma.329p
LINEAR-Catalina 1,coma.329p
329P/2015 T1,coma.329p
330P/1999 V1,coma.330p
Catalina 1,coma.330p
330P/2015 U1,coma.330p
331P/2012 F5,coma.331p
Gibbs 14,coma.331p
332P/2010 V1,coma.332p
Ikeya-Murakami 1,coma.332p
332P/2015 Y2,coma.332p
332P/2010 V1-A,coma.332p--a
Ikeya-Murakami 1-A,coma.332p--a
332P-A/2010 V1-A,coma.332p--a
332P/2010 V1-B,coma.332p--b
Ikeya-Murakami 1-B,coma.332p--b
332P-B/2010 V1-B,coma.332p--b
332P/2010 V1-C,coma.332p--c
Ikeya-Murakami 1-C,coma.332p--c
332P-C/2010 V1-C,coma.332p--c
332P/2010 V1-D,coma.332p--d
Ikeya-Murakami 1-D,coma.332p--d
332P-D/2010 V1-D,coma.332p--d
332P/2010 V1-E,coma.332p--e
Ikeya-Murakami 1-E,coma.332p--e
332P/2010 V1-F,coma.332p--f
Ikeya-Murakami 1-F,coma.332p--f
332P-F/2010 V1-F,coma.332p--f
332P/2010 V1-G,coma.332p--g
Ikeya-Murakami 1-G,coma.332p--g
332P-G/2010 V1-G,coma.332p--g
332P/2010 V1-H,coma.332p--h
Ikeya-Murakami 1-H,coma.332p--h
332P-H/2010 V1-H,coma.332p--h
332P/2010 V1-I,coma.332p--i
Ikeya-Murakami 1-I,coma.332p--i
333P/2007 VA85,coma.333p
LINEAR 66,coma.333p
334P/2001 F1,coma.334p
NEAT 1,coma.334p
334P/2016 A4,coma.334p
335P/2008 Y2,coma.335p
Gibbs 8,coma.335p
335P/2016 A9,coma.335p
336P/2006 G1,coma.336p
McNaught 7,coma.336p
336P/2016 B2,coma.336p
337P/2010 N1,coma.337p
WISE 6,coma.337p
337P/2016 GE216,coma.337p
338P/2008 J3,coma.338p
McNaught 12,coma.338p
338P/2016 N1,coma.338p
339P/2009 K1,coma.339p
Gibbs 9,coma.339p
339P/2016 M2,coma.339p
340P/2008 T1,coma.340p
Boattini 2,coma.340p
340P/2016 N2,coma.340p
341P/2007 R3,coma.341p
Gibbs 6,coma.341p
341P/2016 N3,coma.341p
342P/2000 O3,coma.342p
SOHO 6,coma.342p
342P/2016 N5,coma.342p
342P/2011 E1,coma.342p
342P/2005 W4,coma.342p
343P/2003 SQ215,coma.343p
NEAT-LONEOS 1,coma.343p
343P/2016 P3,coma.343p
344P/2005 S3,coma.344p
Read 1,coma.344p
344P/2016 Q1,coma.344p
345P/2008 SH164,coma.345p
LINEAR 68,coma.345p
345P/2016 Q3,coma.345p
346P/2007 T6,coma.346p
Catalina 7,coma.346p
346P/2016 R1,coma.346p
347P/2016 SV,coma.347p
PanSTARRS 60,coma.347p
347P/2009 Q9,coma.347p
348P/2017 A2,coma.348p
PanSTARRS 62,coma.348p
348P/2011 A5,coma.348p
349P/2017 B1,coma.349p
Lemmon 8,coma.349p
349P/2010 EY90,coma.349p
350P/2010 J5,coma.350p
McNaught 18,coma.350p
350P/2017 B2,coma.350p
351P/2016 P2,coma.351p
Wiegert-PanSTARRS 1,coma.351p
351P/2007 R11,coma.351p
351P/1998 U8,coma.351p
352P/2000 S1,coma.352p
Skiff 1,coma.352p
352P/2017 L1,coma.352p
353P/2009 S2,coma.353p
McNaught 16,coma.353p
353P/2017 M1,coma.353p
354P/2010 A2,coma.354p
LINEAR 58,coma.354p
354P/2017 B5,coma.354p
355P/2004 T1,coma.355p
LINEAR-NEAT 7,coma.355p
355P/2017 M2,coma.355p
356P/2010 D1,coma.356p
WISE 2,coma.356p
356P/2017 O2,coma.356p
357P/2008 T4,coma.357p
Hill 6,coma.357p
357P/2017 Q1,coma.357p
358P/2012 T1,coma.358p
PanSTARRS 11,coma.358p
358P/2017 O3,coma.358p
359P/2007 RS41,coma.359p
LONEOS 13,coma.359p
359P/2017 Q2,coma.359p
360P/2010 P4,coma.360p
WISE 8,coma.360p
360P/2017 S1,coma.360p
361P/2006 UR111,coma.361p
Spacewatch 8,coma.361p
361P/2017 S4,coma.361p
362P/2008 GO98 [,coma.362p
457175,coma.362p
363P/2011 VJ5,coma.363p
Lemmon 3,coma.363p
363P/2017 W1,coma.363p
364P/2013 CU129,coma.364p
PanSTARRS 18,coma.364p
364P/2018 A2,coma.364p
365P/2017 U6,coma.365p
PanSTARRS 77,coma.365p
365P/2011 WG113,coma.365p
366P/2005 JN,coma.366p
Spacewatch 2,coma.366p
366P/2018 F2,coma.366p
367P/2011 CR42,coma.367p
Catalina 12,coma.367p
367P/2018 H1,coma.367p
368P/2005 R1,coma.368p
NEAT 23,coma.368p
368P/2018 L3,coma.368p
369P/2010 A1,coma.369p
Hill 11,coma.369p
369P/2018 P1,coma.369p
370P/2001 T3,coma.370p
NEAT 7,coma.370p
370P/2018 P2,coma.370p
371P/2001 R6,coma.371p
LINEAR-Skiff 1,coma.371p
371P/2018 R1,coma.371p
372P/2008 O2,coma.372p
McNaught 13,coma.372p
372P/2018 P6,coma.372p
373P/2011 W2,coma.373p
Rinner 1,coma.373p
373P/2018 R2,coma.373p
374P/2007 V1,coma.374p
Larson 3,coma.374p
374P/2018 S1,coma.374p
375P/2006 D1,coma.375p
Hill 1,coma.375p
375P/2018 T1,coma.375p
376P/2005 GF8,coma.376p
LONEOS 10,coma.376p
376P/2018 X1,coma.376p
377P/2003 L1,coma.377p
Scotti 3,coma.377p
377P/2019 E1,coma.377p
378P/2005 Y2,coma.378p
McNaught 6,coma.378p
378P/2019 E2,coma.378p
379P/2006 F4,coma.379p
Spacewatch 3,coma.379p
379P/2019 D2,coma.379p
380P/2019 G1,coma.380p
PanSTARRS 93,coma.380p
380P/2011 O2,coma.380p
381P/2000 S4,coma.381p
LINEAR-Spacewatch 1,coma.381p
381P/2019 K2,coma.381p
382P/2007 R1,coma.382p
Larson 2,coma.382p
382P/2019 K3,coma.382p
383P/2006 S1,coma.383p
Christensen 10,coma.383p
383P/2019 M1,coma.383p
384P/2014 U2,coma.384p
Kowalski 9,coma.384p
384P/2019 O1,coma.384p
385P/2010 U2,coma.385p
Hill 13,coma.385p
385P/2019 P1,coma.385p
386P/2011 U1,coma.386p
PanSTARRS 4,coma.386p
387P/2008 Y1,coma.387p
Boattini 3,coma.387p
387P/2019 R1,coma.387p
388P/2007 T4,coma.388p
Gibbs 7,coma.388p
388P/2019 R2,coma.388p
389P/2006 R1,coma.389p
Siding Spring 4,coma.389p
389P/2019 S1,coma.389p
390P/2006 W1,coma.390p
Gibbs 2,coma.390p
390P/2019 U1,coma.390p
391P/2006 F1,coma.391p
Kowalski 2,coma.391p
391P/2019 U2,coma.391p
392P/2004 WR9,coma.392p
LINEAR 45,coma.392p
392P/2019 U3,coma.392p
393P/2009 SK280,coma.393p
Spacewatch-Hill 1,coma.393p
393P/2019 S5,coma.393p
394P/2020 F4,coma.394p
PanSTARRS 102,coma.394p
394P/2011 GN5,coma.394p
395P/2005 JD108,coma.395p
Catalina-NEAT 1,coma.395p
395P/2020 H1,coma.395p
396P/2020 F1,coma.396p
Leonard 5,coma.396p
396P/2002 E4,coma.396p
397P/2012 SB6,coma.397p
Lemmon 6,coma.397p
397P/2020 M2,coma.397p
398P/2009 Q4,coma.398p
Boattini 5,coma.398p
398P/2020 P2,coma.398p
399P/2013 O2,coma.399p
PanSTARRS 20,coma.399p
399P/2020 O4,coma.399p
400P/2020 R1,coma.400p
PanSTARRS 107,coma.400p
400P/2013 PA104,coma.400p
401P/2006 H1,coma.401p
McNaught 8,coma.401p
401P/2020 R3,coma.401p
402P/2002 T5,coma.402p
LINEAR 27,coma.402p
402P/2020 Q3,coma.402p
403P/2007 VQ11,coma.403p
Catalina 8,coma.403p
403P/2020 T1,coma.403p
404P/2011 U2,coma.404p
Bressi 1,coma.404p
404P/2020 M6,coma.404p
405P/2013 TL117,coma.405p
Lemmon 7,coma.405p
405P/2020 U1,coma.405p
406P/2007 R2,coma.406p
Gibbs 5,coma.406p
406P/2020 R8,coma.406p
407P/2013 J4,coma.407p
PanSTARRS-Fuls 1,coma.407p
407P/2019 Y2,coma.407p
408P/2011 R3,coma.408p
Novichonok-Gerke 1,coma.408p
408P/2020 M7,coma.408p
409P/2005 XA54,coma.409p
LONEOS-Hill 1,coma.409p
409P/2020 V1,coma.409p
410P/2005 CR16,coma.410p
NEAT-LINEAR 2,coma.410p
410P/2020 W2,coma.410p
410P/2003 WR168,coma.410p
411P/2007 B1,coma.411p
Christensen 14,coma.411p
411P/2020 W3,coma.411p
412P/2010 B2,coma.412p
WISE 1,coma.412p
412P/2020 Y1,coma.412p
413P/2014 E1,coma.413p
Larson 5,coma.413p
413P/2020 W4,coma.413p
414P/2016 J3,coma.414p
STEREO 1,coma.414p
414P/2021 A3,coma.414p
415P/2013 EW90,coma.415p
Tenagra 3,coma.415p
415P/2020 Y4,coma.415p
416P/2013 A2,coma.416p
Scotti 9,coma.416p
416P/2021 A8,coma.416p
417P/2015 J3,coma.417p
NEOWISE 2,coma.417p
417P/2021 B1,coma.417p
418P/2010 A5,coma.418p
LINEAR 59,coma.418p
418P/2020 Y5,coma.418p
419P/2015 F1,coma.419p
PanSTARRS 41,coma.419p
419P/2021 A11,coma.419p
420P/2009 Q1,coma.420p
Hill 9,coma.420p
420P/2021 E1,coma.420p
421P/2009 U4,coma.421p
McNaught 17,coma.421p
421P/2020 H10,coma.421p
P/1996 R2,coma.p-1996_r2
Lagerkvist 1,coma.p-1996_r2
P/1997 B1,coma.p-1997_b1
Kobayashi 1,coma.p-1997_b1
P/1998 VS24,coma.p-1998_vs24
LINEAR 2,coma.p-1998_vs24
P/1999 J6,coma.p-1999_j6
SOHO 5,coma.p-1999_j6
P/2010 H3,coma.p-1999_j6
P/2004 V9,coma.p-1999_j6
P/1999 RO28,coma.p-1999_ro28
LONEOS 1,coma.p-1999_ro28
P/1999 XN120,coma.p-1999_xn120
Catalina 2,coma.p-1999_xn120
P/2000 R2,coma.p-2000_r2
LINEAR 15,coma.p-2000_r2
P/2001 H5,coma.p-2001_h5
NEAT 2,coma.p-2001_h5
P/2001 Q6,coma.p-2001_q6
NEAT 6,coma.p-2001_q6
P/2002 EJ57,coma.p-2002_ej57
LINEAR 24,coma.p-2002_ej57
P/2002 T6,coma.p-2002_t6
NEAT-LINEAR 1,coma.p-2002_t6
P/2003 F2,coma.p-2003_f2
NEAT 14,coma.p-2003_f2
P/2003 QX29,coma.p-2003_qx29
NEAT 15,coma.p-2003_qx29
P/2003 T12,coma.p-2003_t12
SOHO 7,coma.p-2003_t12
P/2012 A3,coma.p-2003_t12
P/2004 A1,coma.p-2004_a1
LONEOS 8,coma.p-2004_a1
P/2004 DO29,coma.p-2004_do29
Spacewatch-LINEAR 1,coma.p-2004_do29
P/2004 FY140,coma.p-2004_fy140
LINEAR 48,coma.p-2004_fy140
P/2004 R3,coma.p-2004_r3
LINEAR-NEAT 6,coma.p-2004_r3
P/2004 V3,coma.p-2004_v3
Siding Spring 1,coma.p-2004_v3
P/2004 V5,coma.p-2004_v5
LINEAR-Hill 1,coma.p-2004_v5
P/2004 V5-A,coma.p-2004_v5--a
LINEAR-Hill 1-A,coma.p-2004_v5--a
P/2003 YM159,coma.p-2004_v5--a
P/2004 V5-B,coma.p-2004_v5--b
LINEAR-Hill 1-B,coma.p-2004_v5--b
P/2005 E1,coma.p-2005_e1
Tubbiolo 1,coma.p-2005_e1
P/2005 J1,coma.p-2005_j1
McNaught 3,coma.p-2005_j1
P/2005 L1,coma.p-2005_l1
McNaught 5,coma.p-2005_l1
P/2005 S2,coma.p-2005_s2
Skiff 4,coma.p-2005_s2
P/2005 SB216,coma.p-2005_sb216
LONEOS 11,coma.p-2005_sb216
P/2005 T2,coma.p-2005_t2
Christensen 6,coma.p-2005_t2
P/2005 T3,coma.p-2005_t3
Read 2,coma.p-2005_t3
P/2005 T4,coma.p-2005_t4
SWAN 1,coma.p-2005_t4
P/2005 T5,coma.p-2005_t5
Broughton 1,coma.p-2005_t5
P/2005 W3,coma.p-2005_w3
Kowalski 1,coma.p-2005_w3
P/2006 HR30,coma.p-2006_hr30
Siding Spring 3,coma.p-2006_hr30
P/2006 S4,coma.p-2006_s4
Christensen 11,coma.p-2006_s4
P/2006 WY182,coma.p-2006_wy182
Christensen 13,coma.p-2006_wy182
P/2007 A2,coma.p-2006_wy182
P/2007 C2,coma.p-2007_c2
Catalina 6,coma.p-2007_c2
P/2007 K2,coma.p-2007_k2
Gibbs 4,coma.p-2007_k2
P/2007 Q2,coma.p-2007_q2
Gilmore 1,coma.p-2007_q2
P/2007 R4,coma.p-2007_r4
Garradd 3,coma.p-2007_r4
P/2007 S1,coma.p-2007_s1
Zhao 1,coma.p-2007_s1
P/2007 T2,coma.p-2007_t2
Kowalski 3,coma.p-2007_t2
P/2008 CL94,coma.p-2008_cl94
Lemmon 2,coma.p-2008_cl94
P/2021 A12,coma.p-2008_cl94
P/2008 L2,coma.p-2008_l2
Hill 5,coma.p-2008_l2
P/2008 O3,coma.p-2008_o3
Boattini 1,coma.p-2008_o3
P/2008 QP20,coma.p-2008_qp20
LINEAR-Hill 2,coma.p-2008_qp20
P/2008 WZ96,coma.p-2008_wz96
LINEAR 56,coma.p-2008_wz96
P/2008 Y3,coma.p-2008_y3
McNaught 14,coma.p-2008_y3
P/2008 Y12,coma.p-2008_y12
SOHO,coma.c-2003_a3
P/2014 K3,coma.p-2008_y12
P/2009 B1,coma.p-2009_b1
Boattini 4,coma.p-2009_b1
P/2009 O3,coma.p-2009_o3
Hill 8,coma.p-2009_o3
P/2009 Q5,coma.p-2009_q5
McNaught 15,coma.p-2009_q5
P/2009 T2,coma.p-2009_t2
La Sagra 2,coma.p-2009_t2
P/2009 WX51,coma.p-2009_wx51
Catalina 10,coma.p-2009_wx51
P/2009 Y2,coma.p-2009_y2
Kowalski 4,coma.p-2009_y2
P/2010 A3,coma.p-2010_a3
Hill 12,coma.p-2010_a3
P/2010 C1,coma.p-2010_c1
Scotti 4,coma.p-2010_c1
P/2010 D2,coma.p-2010_d2
WISE 3,coma.p-2010_d2
P/2010 E2,coma.p-2010_e2
Jarnac 1,coma.p-2010_e2
P/2010 H2,coma.p-2010_h2
Vales 1,coma.p-2010_h2
P/2010 H4,coma.p-2010_h4
Scotti 7,coma.p-2010_h4
P/2010 H5,coma.p-2010_h5
Scotti 6,coma.p-2010_h5
P/2010 J3,coma.p-2010_j3
McMillan 2,coma.p-2010_j3
P/2010 CG6,coma.p-2010_j3
P/2010 JC81,coma.p-2010_jc81
WISE 9,coma.p-2010_jc81
P/2010 T2,coma.p-2010_t2
PanSTARRS 1,coma.p-2010_t2
P/2010 TO20,coma.p-2010_to20
LINEAR-Grauer 1,coma.p-2010_to20
P/2010 U1,coma.p-2010_u1
Boattini 6,coma.p-2010_u1
P/2010 UH55,coma.p-2010_uh55
Spacewatch 5,coma.p-2010_uh55
P/2010 WK,coma.p-2010_wk
LINEAR 64,coma.p-2010_wk
P/2011 A2,coma.p-2011_a2
Scotti 8,coma.p-2011_a2
P/2011 C2,coma.p-2011_c2
Gibbs 12,coma.p-2011_c2
P/2011 FR143,coma.p-2011_fr143
Lemmon 4,coma.p-2011_fr143
P/2011 JB15,coma.p-2011_jb15
Spacewatch-Boattini 1,coma.p-2011_jb15
P/2011 N1,coma.p-2011_n1
ASH 1,coma.p-2011_n1
P/2011 NO1,coma.p-2011_no1
Elenin 1,coma.p-2011_no1
P/2011 P1,coma.p-2011_p1
McNaught 21,coma.p-2011_p1
P/2011 Q3,coma.p-2011_q3
McNaught 22,coma.p-2011_q3
P/2011 S1,coma.p-2011_s1
Gibbs 13,coma.p-2011_s1
P/2011 UA134,coma.p-2011_ua134
Spacewatch-PanSTARRS 1,coma.p-2011_ua134
P/2011 V1,coma.p-2011_v1
Boattini 7,coma.p-2011_v1
P/2011 W1,coma.p-2011_w1
PanSTARRS 5,coma.p-2011_w1
P/2011 Y2,coma.p-2011_y2
Boattini 8,coma.p-2011_y2
P/2012 B1,coma.p-2012_b1
PanSTARRS 6,coma.p-2012_b1
P/2012 F2,coma.p-2012_f2
PanSTARRS 8,coma.p-2012_f2
P/2012 G1,coma.p-2012_g1
PanSTARRS 9,coma.p-2012_g1
P/2012 K3,coma.p-2012_k3
Gibbs 15,coma.p-2012_k3
P/2012 NJ,coma.p-2012_nj
La Sagra 5,coma.p-2012_nj
P/2012 O1,coma.p-2012_o1
McNaught 24,coma.p-2012_o1
P/2012 O2,coma.p-2012_o2
McNaught 25,coma.p-2012_o2
P/2012 O3,coma.p-2012_o3
McNaught 26,coma.p-2012_o3
P/2012 S2,coma.p-2012_s2
La Sagra 6,coma.p-2012_s2
P/2021 L5,coma.p-2012_s2
P/2012 T2,coma.p-2012_t2
PanSTARRS 12,coma.p-2012_t2
P/2012 T3,coma.p-2012_t3
PanSTARRS 13,coma.p-2012_t3
P/2012 TK8,coma.p-2012_tk8
Tenagra 1,coma.p-2012_tk8
P/2012 U2,coma.p-2012_u2
PanSTARRS 14,coma.p-2012_u2
P/2012 US27,coma.p-2012_us27
Siding Spring 5,coma.p-2012_us27
P/2012 WA34,coma.p-2012_wa34
Lemmon-PanSTARRS 1,coma.p-2012_wa34
P/2013 AL76,coma.p-2013_al76
Catalina 11,coma.p-2013_al76
P/2013 G1,coma.p-2013_g1
Kowalski 8,coma.p-2013_g1
P/2013 G4,coma.p-2013_g4
PanSTARRS 16,coma.p-2013_g4
P/2013 J2,coma.p-2013_j2
McNaught 28,coma.p-2013_j2
P/2013 N3,coma.p-2013_n3
PanSTARRS 19,coma.p-2013_n3
P/2013 N5,coma.p-2013_n5
PanSTARRS 21,coma.p-2013_n5
P/2013 P1,coma.p-2013_p1
PanSTARRS 22,coma.p-2013_p1
P/2013 R3,coma.p-2013_r3
Catalina-PanSTARRS 1,coma.p-2013_r3
P/2013 R3-A,coma.p-2013_r3--a
Catalina-PanSTARRS 1-A,coma.p-2013_r3--a
P/2013 R3-B,coma.p-2013_r3--b
Catalina-PanSTARRS 1-B,coma.p-2013_r3--b
P/2013 T1,coma.p-2013_t1
PanSTARRS 25,coma.p-2013_t1
P/2013 T2,coma.p-2013_t2
Schwartz 1,coma.p-2013_t2
P/2013 W1,coma.p-2013_w1
PanSTARRS 26,coma.p-2013_w1
P/2013 YG46,coma.p-2013_yg46
Spacewatch 7,coma.p-2013_yg46
P/2014 A2,coma.p-2014_a2
Hill 14,coma.p-2014_a2
P/2014 A3,coma.p-2014_a3
PanSTARRS 28,coma.p-2014_a3
P/2014 C1,coma.p-2014_c1
TOTAS 1,coma.p-2014_c1
P/2014 J1,coma.p-2014_j1
Catalina 14,coma.p-2014_j1
C/2014 J1,coma.p-2014_j1
P/2014 L2,coma.p-2014_l2
NEOWISE 1,coma.p-2014_l2
P/2014 L3,coma.p-2014_l3
Hill 15,coma.p-2014_l3
P/2014 M4,coma.p-2014_m4
PanSTARRS 30,coma.p-2014_m4
P/2014 MG4,coma.p-2014_mg4
Spacewatch-PanSTARRS 2,coma.p-2014_mg4
P/2014 O3,coma.p-2014_o3
PanSTARRS 29,coma.p-2014_o3
P/2014 R5,coma.p-2014_r5
Lemmon-PanSTARRS 3,coma.p-2014_r5
P/2014 U4,coma.p-2014_u4
PanSTARRS 31,coma.p-2014_u4
P/2014 V1,coma.p-2014_v1
PanSTARRS 32,coma.p-2014_v1
P/2014 W1,coma.p-2014_w1
PanSTARRS 35,coma.p-2014_w1
P/2014 W4,coma.p-2014_w4
PanSTARRS 33,coma.p-2014_w4
P/2014 W12,coma.p-2014_w12
Gibbs 17,coma.p-2014_w12
P/2014 X1,coma.p-2014_x1
Elenin 2,coma.p-2014_x1
P/2015 A3,coma.p-2015_a3
PanSTARRS 37,coma.p-2015_a3
P/2015 B1,coma.p-2015_b1
PanSTARRS 39,coma.p-2015_b1
C/2015 B1,coma.p-2015_b1
P/2015 C1,coma.p-2015_c1
TOTAS-Gibbs 1,coma.p-2015_c1
P/2015 D5,coma.p-2015_d5
Kowalski 10,coma.p-2015_d5
P/2015 D6,coma.p-2015_d6
Lemmon-PanSTARRS 4,coma.p-2015_d6
C/1978 R3,coma.c-1978_r3
Machholz,coma.c-2010_f4
C/1979 M3,coma.c-1979_m3
Torres,coma.c-1987_f1
C/1980 E1,coma.c-1980_e1
Bowell,coma.c-1980_e1
C/1980 L1,coma.c-1980_l1
C/1981 G1,coma.c-1981_g1
Elias,coma.c-1981_g1
C/1983 O1,coma.c-1983_o1
Cernis,coma.c-1983_o1
1983l,coma.c-1983_o1
1983 XII,coma.c-1983_o1
C/1983 O2,coma.c-1983_o2
IRAS,coma.c-1983_o2
C/1983 R1,coma.c-1983_r1
Shoemaker,coma.c-1992_u1
1983 XV,coma.c-1983_r1
1983p,coma.c-1983_r1
C/1984 K1,coma.c-1984_k1
1984f,coma.c-1984_k1
84f,coma.c-1984_k1
1985 XII,coma.c-1984_k1
C/1984 U1,coma.c-1984_u1
1984 XV,coma.c-1984_u1
1984r,coma.c-1984_u1
84r,coma.c-1984_u1
C/1984 U2,coma.c-1984_u2
C/1984 W2,coma.c-1984_w2
Hartley,coma.c-1984_w2
1984v,coma.c-1984_w2
C/1985 K1,coma.c-1985_k1
C/1985 T1,coma.c-1985_t1
Thiele,coma.c-1985_t1
C/1986 E1,coma.c-1986_e1
C/1986 N1,coma.c-1986_n1
Churyumov-Solodovnikov,coma.c-1986_n1
Churyumov-Solodovnikoff,coma.c-1986_n1
1986i,coma.c-1986_n1
1986 IX,coma.c-1986_n1
C/1986 P1,coma.c-1986_p1
Wilson,coma.c-1986_p1--b
C/1986 P1-A,coma.c-1986_p1--a
C/1986 P1-B,coma.c-1986_p1--b
C/1987 A1,coma.c-1987_a1
Levy,coma.c-1990_k1
C/1987 B1,coma.c-1987_b1
Nishikawa-Takamizawa-Tago,coma.c-1987_b1
C/1987 F1,coma.c-1987_f1
C/1987 H1,coma.c-1987_h1
1986 XIV,coma.c-1987_h1
1987o,coma.c-1987_h1
87o,coma.c-1987_h1
C/1987 P1,coma.c-1987_p1
Bradfield,coma.c-2004_f4
C/1987 W1,coma.c-1987_w1
Ichimura,coma.c-1987_w1
C/1987 W3,coma.c-1987_w3
Jensen-Shoemaker,coma.c-1987_w3
1987g1,coma.c-1987_w3
C/1988 B1,coma.c-1988_b1
1988b,coma.c-1988_b1
1987 IV,coma.c-1988_b1
C/1988 J1,coma.c-1988_j1
Shoemaker-Holt,coma.c-1988_j1
C/1988 P1,coma.c-1988_p1
C/1988 Y1,coma.c-1988_y1
Yanaka,coma.c-1989_a1
1988 XXIV,coma.c-1988_y1
1988r,coma.c-1988_y1
C/1989 A1,coma.c-1989_a1
C/1989 A5,coma.c-1989_a5
C/1989 A6,coma.c-1989_a6
1988 XXI,coma.c-1989_a6
1989f,coma.c-1989_a6
C/1989 Q1,coma.c-1989_q1
Okazaki-Levy-Rudenko,coma.c-1989_q1
1989 XIX,coma.c-1989_q1
C/1989 X1,coma.c-1989_x1
Austin,coma.c-1989_x1
1989c1,coma.c-1989_x1
1990 V,coma.c-1989_x1
C/1989 Y1,coma.c-1989_y1
Skorichenko-George,coma.c-1989_y1
C/1990 K1,coma.c-1990_k1
1990 XX,coma.c-1990_k1
1990c,coma.c-1990_k1
C/1991 C3,coma.c-1991_c3
McNaught-Russell,coma.c-1993_y1
C/1991 F2,coma.c-1991_f2
Helin-Lawrence,coma.c-1992_q2
1991l,coma.c-1991_f2
C/1991 L4,coma.c-1991_l4
Helin-Alu,coma.c-1992_a1
C/1991 Q1,coma.c-1991_q1
C/1991 R1,coma.c-1991_r1
C/1991 X2,coma.c-1991_x2
Mueller,coma.c-1998_k1
C/1992 A1,coma.c-1992_a1
C/1992 Q2,coma.c-1992_q2
C/1992 N1,coma.c-1992_n1
C/1992 U1,coma.c-1992_u1
C/1993 A1,coma.c-1993_a1
C/1993 F1,coma.c-1993_f1
C/1993 Q1,coma.c-1993_q1
C/1993 Y1,coma.c-1993_y1
1994 XI,coma.c-1993_y1
1993v,coma.c-1993_y1
C/1994 E1,coma.c-1994_e1
C/1994 T1,coma.c-1994_t1
C/1995 O1,coma.c-1995_o1
Hale-Bopp,coma.c-1995_o1
hip hop,coma.c-1995_o1
HB,coma.c-1995_o1
C/1996 B2,coma.c-1996_b2
Hyakutake,coma.c-1996_b2
C/1997 BA6,coma.c-1997_ba6
Spacewatch,coma.c-2013_tw5
C/1997 D1,coma.c-1997_d1
C/1997 J1,coma.c-1997_j1
C/1997 T1,coma.c-1997_t1
Utsunomiya,coma.c-2002_f1
C/1998 H1,coma.c-1998_h1
Stonehouse,coma.c-1998_h1
C/1998 K1,coma.c-1998_k1
C/1998 M3,coma.c-1998_m3
Larsen,coma.c-1998_m3
C/1999 F2,coma.c-1999_f2
Dalcanton,coma.c-1999_f2
C/1999 J2,coma.c-1999_j2
Skiff,coma.c-2007_b2
C/1999 K3,coma.c-1999_k3
LINEAR,coma.c-2012_y1
C/1999 S4,coma.c-1999_s4
C/1999 T1,coma.c-1999_t1
McNaught-Hartley,coma.c-1999_t1
C/1999 T2,coma.c-1999_t2
C/1999 U4,coma.c-1999_u4
Catalina-Skiff,coma.c-1999_u4
C/1999 Y1,coma.c-1999_y1
C/2000 A2,coma.c-2000_a2
C/2000 G2,coma.c-2000_g2
C/2000 J1,coma.c-2000_j1
Ferris,coma.c-2000_j1
C/2000 J2,coma.c-2000_j2
C/2000 J3,coma.c-2000_j3
C/2000 J4,coma.c-2000_j4
C/2000 K1,coma.c-2000_k1
C/2000 K2,coma.c-2000_k2
C/2000 OF8,coma.c-2000_of8
C/2000 U5,coma.c-2000_u5
C/2000 W1,coma.c-2000_w1
Utsunomiya-Jones,coma.c-2000_w1
C/2000 WM1,coma.c-2000_wm1
C/2001 A1,coma.c-2001_a1
C/2001 A2-A,coma.c-2001_a2--a
C/2001 A2-B,coma.c-2001_a2--b
C/2001 B1,coma.c-2001_b1
C/2001 B2,coma.c-2001_b2
NEAT,coma.c-2006_k4
C/2001 C1,coma.c-2001_c1
C/2001 G1,coma.c-2001_g1
LONEOS,coma.c-2006_s3
C/2001 K5,coma.c-2001_k5
C/2001 OG108,coma.c-2001_og108
C/2001 Q1,coma.c-2001_q1
C/2001 Q4,coma.c-2001_q4
C/2002 CE10,coma.c-2002_ce10
C/2002 E2,coma.c-2002_e2
Snyder-Murakami,coma.c-2002_e2
C/2002 F1,coma.c-2002_f1
C/2002 T7,coma.c-2002_t7
C/2002 V2,coma.c-2002_v2
C/2002 VQ94,coma.c-2002_vq94
C/2011 H1,coma.c-2002_vq94
C/2003 A2,coma.c-2003_a2
Gleason,coma.c-2003_a2
C/2003 A3,coma.c-2003_a3
C/2003 K4,coma.c-2003_k4
C/2003 O1,coma.c-2003_o1
C/2003 S3,coma.c-2003_s3
C/2003 WT42,coma.c-2003_wt42
C/2004 DZ61,coma.c-2004_dz61
Catalina-LINEAR,coma.c-2004_dz61
C/2004 F4,coma.c-2004_f4
C/2004 H6,coma.c-2004_h6
SWAN,coma.c-2015_f3
C/2004 HV60,coma.c-2004_hv60
C/2004 L1,coma.c-2004_l1
C/2004 L2,coma.c-2004_l2
C/2004 Q1,coma.c-2004_q1
Tucker,coma.c-2004_q1
C/2004 Q2,coma.c-2004_q2
C/2004 R2,coma.c-2004_r2
ASAS,coma.c-2004_r2
C/2005 A1-A,coma.c-2005_a1--a
C/2005 L3,coma.c-2005_l3
McNaught,coma.c-2013_o3
C/2005 W2,coma.c-2005_w2
Christensen,coma.c-2014_m2
C/2006 K4,coma.c-2006_k4
C/2006 OF2,coma.c-2006_of2
Broughton,coma.c-2006_of2
C/2006 Q1,coma.c-2006_q1
C/2006 S3,coma.c-2006_s3
C/2006 S5,coma.c-2006_s5
Hill,coma.c-2014_f1
C/2006 U6,coma.c-2006_u6
C/2006 V1,coma.c-2006_v1
Catalina,coma.c-2014_w6
C/2006 W3,coma.c-2006_w3
C/2006 WD4,coma.c-2006_wd4
Lemmon,coma.c-2021_c6
C/2007 B2,coma.c-2007_b2
C/2007 D1,coma.c-2007_d1
C/2007 G1,coma.c-2007_g1
C/2007 K3,coma.c-2007_k3
Siding Spring,coma.c-2013_a1
C/2007 M1,coma.c-2007_m1
C/2007 M2,coma.c-2007_m2
C/2007 N3,coma.c-2007_n3
Lulin,coma.c-2007_n3
C/2007 Q3,coma.c-2007_q3
C/2007 S2,coma.c-2007_s2
Lemmon 1,coma.c-2007_s2
C/2007 T1,coma.c-2007_t1
C/2007 T5,coma.c-2007_t5
Gibbs,coma.c-2014_r4
C/2007 U1,coma.c-2007_u1
C/2007 VO53,coma.c-2007_vo53
C/2007 W1,coma.c-2007_w1
Boattini,coma.c-2013_v1
C/2007 W3,coma.c-2007_w3
C/2007 Y1,coma.c-2007_y1
C/2007 Y2,coma.c-2007_y2
C/2008 A1,coma.c-2008_a1
C/2008 C1,coma.c-2008_c1
Chen-Gao,coma.c-2008_c1
C/2008 E1,coma.c-2008_e1
Catalina 9,coma.c-2008_e1
C/2008 E3,coma.c-2008_e3
Garradd,coma.c-2010_h1
C/2008 FK75,coma.c-2008_fk75
Lemmon-Siding Spring,coma.c-2008_fk75
C/2008 G1,coma.c-2008_g1
C/2008 H1,coma.c-2008_h1
C/2008 J1,coma.c-2008_j1
C/2008 J5,coma.c-2008_j5
C/2008 J6,coma.c-2008_j6
C/2008 N1,coma.c-2008_n1
Holmes,coma.c-2008_n1
C/2008 P1,coma.c-2008_p1
C/2008 Q1,coma.c-2008_q1
Maticic,coma.c-2008_q1
C/2008 Q3,coma.c-2008_q3
C/2008 R3,coma.c-2008_r3
LINEAR 55,coma.c-2008_r3
C/2008 S3,coma.c-2008_s3
C/2008 T2,coma.c-2008_t2
Cardinal,coma.c-2010_b1
C/2008 X3,coma.c-2008_x3
C/2009 B2,coma.c-2009_b2
C/2009 E1,coma.c-2009_e1
Itagaki,coma.c-2009_e1
C/2009 F1,coma.c-2009_f1
Larson,coma.c-2009_f1
C/2009 F2,coma.c-2009_f2
C/2009 F4,coma.c-2009_f4
C/2009 F5,coma.c-2009_f5
C/2009 F6,coma.c-2009_f6
Yi-SWAN,coma.c-2009_f6
C/2009 G1,coma.c-2009_g1
STEREO,coma.c-2014_c2
C/2009 K2,coma.c-2009_k2
C/2009 K3,coma.c-2009_k3
Beshore,coma.c-2009_k3
C/2009 K4,coma.c-2009_k4
C/2009 K5,coma.c-2009_k5
C/2009 O2,coma.c-2009_o2
C/2009 O4,coma.c-2009_o4
C/2009 P1,coma.c-2009_p1
C/2009 P2,coma.c-2009_p2
C/2008 TQ137,coma.c-2009_p2
C/2008 VP28,coma.c-2009_p2
C/2009 R1,coma.c-2009_r1
C/2009 S3,coma.c-2009_s3
C/2009 T1,coma.c-2009_t1
C/2009 T3,coma.c-2009_t3
C/2009 U3,coma.c-2009_u3
C/2009 U5,coma.c-2009_u5
Grauer,coma.c-2009_u5
C/2009 UG89,coma.c-2009_ug89
C/2009 W2,coma.c-2009_w2
C/2009 Y1,coma.c-2009_y1
C/2010 A4,coma.c-2010_a4
C/2010 B1,coma.c-2010_b1
C/2010 D3,coma.c-2010_d3
WISE,coma.c-2010_l5
C/2010 D4,coma.c-2010_d4
C/2010 DG56,coma.c-2010_dg56
C/2010 E1,coma.c-2010_e1
C/2010 E5,coma.c-2010_e5
Scotti 5,coma.c-2010_e5
C/2010 F1,coma.c-2010_f1
C/2010 F3,coma.c-2010_f3
Scotti,coma.c-2010_f3
C/2010 F4,coma.c-2010_f4
C/2010 FB87,coma.c-2010_fb87
WISE-Garradd,coma.c-2010_fb87
C/2010 G1,coma.c-2010_g1
C/2010 G2,coma.c-2010_g2
C/2010 G3,coma.c-2010_g3
C/2010 H1,coma.c-2010_h1
C/2010 J1,coma.c-2010_j1
C/2010 J2,coma.c-2010_j2
C/2010 J4,coma.c-2010_j4
C/2010 KW7,coma.c-2010_kw7
C/2010 L3,coma.c-2010_l3
C/2010 L4,coma.c-2010_l4
C/2010 L5,coma.c-2010_l5
C/2010 M1,coma.c-2010_m1
C/2010 R1,coma.c-2010_r1
C/2010 S1,coma.c-2010_s1
C/2010 U3,coma.c-2010_u3
C/2010 X1,coma.c-2010_x1
Elenin,coma.c-2010_x1
C/2011 A3,coma.c-2011_a3
C/2011 C1,coma.c-2011_c1
C/2011 C3,coma.c-2011_c3
C/2011 F1,coma.c-2011_f1
C/2011 G1,coma.c-2011_g1
C/2011 J2,coma.c-2011_j2
C/2011 J2-B,coma.c-2011_j2--b
LINEAR-B,coma.c-2011_j2--b
C/2011 J2-C,coma.c-2011_j2--c
LINEAR-C,coma.c-2011_j2--c
C/2011 J3,coma.c-2011_j3
LINEAR 65,coma.c-2011_j3
C/2011 K1,coma.c-2011_k1
Schwartz-Holvorcem,coma.c-2011_k1
C/2011 KP36,coma.c-2011_kp36
C/2011 L1,coma.c-2011_l1
McNaught 20,coma.c-2011_l1
C/2011 L2,coma.c-2011_l2
C/2011 L3,coma.c-2011_l3
C/2011 L4,coma.c-2011_l4
PanSTARRS,coma.c-2019_u5
C/2011 L6,coma.c-2011_l6
C/2011 M1,coma.c-2011_m1
C/2011 N2,coma.c-2011_n2
C/2011 O1,coma.c-2011_o1
C/2011 P2,coma.c-2011_p2
C/2011 Q1,coma.c-2011_q1
C/2011 Q2,coma.c-2011_q2
C/2011 Q4,coma.c-2011_q4
C/2011 R1,coma.c-2011_r1
C/2011 S2,coma.c-2011_s2
Kowalski,coma.c-2014_u3
C/2011 U3,coma.c-2011_u3
C/2011 UF305,coma.c-2011_uf305
C/2011 W3,coma.c-2011_w3
Lovejoy,coma.c-2014_q2
C/2011 Y3,coma.c-2011_y3
Boattini 9,coma.c-2011_y3
C/2012 A1,coma.c-2012_a1
C/2012 A2,coma.c-2012_a2
C/2012 B3,coma.c-2012_b3
La Sagra,coma.c-2013_h1
C/2012 BJ98,coma.c-2012_bj98
C/2012 C1,coma.c-2012_c1
C/2012 C2,coma.c-2012_c2
Bruenjes,coma.c-2012_c2
C/2012 C3,coma.c-2012_c3
PanSTARRS 7,coma.c-2012_c3
P/2012 C3,coma.c-2012_c3
C/2012 CH17,coma.c-2012_ch17
MOSS,coma.c-2012_ch17
C/2012 E1,coma.c-2012_e1
C/2012 E2,coma.c-2012_e2
C/2012 E3,coma.c-2012_e3
C/2012 F1,coma.c-2012_f1
C/2012 F3,coma.c-2012_f3
C/2012 F6,coma.c-2012_f6
C/2012 H2,coma.c-2012_h2
McNaught 23,coma.c-2012_h2
C/2012 J1,coma.c-2012_j1
C/2012 K1,coma.c-2012_k1
C/2012 K5,coma.c-2012_k5
C/2012 K6,coma.c-2012_k6
C/2012 K8,coma.c-2012_k8
C/2012 L1,coma.c-2012_l1
C/2012 L2,coma.c-2012_l2
C/2012 L3,coma.c-2012_l3
C/2012 LP26,coma.c-2012_lp26
Palomar,coma.c-2019_o3
C/2012 OP,coma.c-2012_op
C/2012 Q1,coma.c-2012_q1
Kowalski 6,coma.c-2012_q1
C/2012 S1,coma.c-2012_s1
ISON,coma.c-2012_s1
C/2012 S3,coma.c-2012_s3
C/2012 S4,coma.c-2012_s4
C/2012 T4,coma.c-2012_t4
C/2012 T5,coma.c-2012_t5
Bressi,coma.c-2012_t5
C/2012 T6,coma.c-2012_t6
Kowalski 7,coma.c-2012_t6
C/2012 U1,coma.c-2012_u1
C/2012 V1,coma.c-2012_v1
C/2012 V2,coma.c-2012_v2
C/2012 X1,coma.c-2012_x1
C/2012 X2,coma.c-2012_x2
PanSTARRS 15,coma.c-2012_x2
C/2012 Y1,coma.c-2012_y1
C/2012 Y3,coma.c-2012_y3
McNaught 27,coma.c-2012_y3
C/2013 A1,coma.c-2013_a1
C/2013 B2,coma.c-2013_b2
C/2013 C2,coma.c-2013_c2
Tenagra 2,coma.c-2013_c2
C/2013 D1,coma.c-2013_d1
Holvorcem 1,coma.c-2013_d1
C/2013 E1,coma.c-2013_e1
C/2013 E2,coma.c-2013_e2
Iwamoto,coma.c-2013_e2
C/2013 F1,coma.c-2013_f1
C/2013 F2,coma.c-2013_f2
C/2013 F3,coma.c-2013_f3
C/2013 G2,coma.c-2013_g2
C/2013 G3,coma.c-2013_g3
C/2013 G5,coma.c-2013_g5
C/2013 G6,coma.c-2013_g6
C/2013 G7,coma.c-2013_g7
C/2013 G8,coma.c-2013_g8
C/2013 G9,coma.c-2013_g9
Tenagra,coma.c-2014_f2
C/2013 H1,coma.c-2013_h1
C/2013 H2,coma.c-2013_h2
C/2013 J3,coma.c-2013_j3
C/2013 J5,coma.c-2013_j5
C/2013 J6,coma.c-2013_j6
C/2013 K1,coma.c-2013_k1
C/2013 L2,coma.c-2013_l2
C/2013 N4,coma.c-2013_n4
Borisov,coma.c-2015_d4
C/2013 O3,coma.c-2013_o3
C/2013 P2,coma.c-2013_p2
C/2013 P3,coma.c-2013_p3
C/2013 P4,coma.c-2013_p4
PanSTARRS 24,coma.c-2013_p4
C/2013 PE67,coma.c-2013_pe67
Catalina-Spacewatch,coma.c-2013_pe67
C/2013 R1,coma.c-2013_r1
C/2013 S1,coma.c-2013_s1
C/2013 TW5,coma.c-2013_tw5
C/2013 U1,coma.c-2013_u1
Catalina 13,coma.c-2013_u1
C/2013 U2,coma.c-2013_u2
Holvorcem,coma.c-2013_u2
C/2013 UQ4,coma.c-2013_uq4
C/2013 US10,coma.c-2013_us10
C/2013 V1,coma.c-2013_v1
C/2013 V2,coma.c-2013_v2
C/2013 V3,coma.c-2013_v3
Nevski 1,coma.c-2013_v3
C/2013 V4,coma.c-2013_v4
C/2013 V5,coma.c-2013_v5
Oukaimeden,coma.c-2013_v5
C/2013 W2,coma.c-2013_w2
PanSTARRS 27,coma.c-2013_w2
C/2013 X1,coma.c-2013_x1
C/2013 Y2,coma.c-2013_y2
C/2014 A4,coma.c-2014_a4
SONEAR,coma.c-2014_a4
C/2014 A5,coma.c-2014_a5
C/2014 AA52,coma.c-2014_aa52
C/2014 B1,coma.c-2014_b1
Schwartz,coma.c-2014_b1
C/2014 C2,coma.c-2014_c2
C/2014 C3,coma.c-2014_c3
NEOWISE,coma.c-2014_n3
C/2014 E2,coma.c-2014_e2
Jacques,coma.c-2015_f4
C/2014 F1,coma.c-2014_f1
C/2014 F2,coma.c-2014_f2
C/2014 F3,coma.c-2014_f3
Sheppard-Trujillo 1,coma.c-2014_f3
C/2014 G1,coma.c-2014_g1
C/2014 G3,coma.c-2014_g3
C/2014 H1,coma.c-2014_h1
C/2014 L5,coma.c-2014_l5
C/2014 M1,coma.c-2014_m1
C/2014 M2,coma.c-2014_m2
C/2014 M3,coma.c-2014_m3
C/2014 N2,coma.c-2014_n2
C/2014 N3,coma.c-2014_n3
C/2014 OE4,coma.c-2014_oe4
C/2014 Q1,coma.c-2014_q1
C/2014 Q2,coma.c-2014_q2
C/2014 Q3,coma.c-2014_q3
Borisov 1,coma.c-2014_q3
C/2014 QU2,coma.c-2014_qu2
C/2014 Q6,coma.c-2014_q6
C/2014 R1,coma.c-2014_r1
C/2014 R3,coma.c-2014_r3
C/2014 R4,coma.c-2014_r4
C/2014 S1,coma.c-2014_s1
C/2014 S2,coma.c-2014_s2
C/2014 S3,coma.c-2014_s3
C/2014 TG64,coma.c-2014_tg64
Catalina 15,coma.c-2014_tg64
C/2014 U3,coma.c-2014_u3
C/2014 W2,coma.c-2014_w2
C/2014 W3,coma.c-2014_w3
C/2014 W6,coma.c-2014_w6
C/2014 W7,coma.c-2014_w7
Christensen 16,coma.c-2014_w7
C/2014 W8,coma.c-2014_w8
C/2014 W9,coma.c-2014_w9
PanSTARRS 36,coma.c-2014_w9
C/2014 W11,coma.c-2014_w11
PanSTARRS 34,coma.c-2014_w11
C/2014 XB8,coma.c-2014_xb8
C/2014 Y1,coma.c-2014_y1
C/2015 A1,coma.c-2015_a1
PanSTARRS 38,coma.c-2015_a1
C/2015 A2,coma.c-2015_a2
C/2015 B2,coma.c-2015_b2
C/2015 C2,coma.c-2015_c2
C/2015 D2,coma.c-2015_d2
PanSTARRS 40,coma.c-2015_d2
C/2015 D3,coma.c-2015_d3
C/2015 D4,coma.c-2015_d4
C/2015 ER61,coma.c-2015_er61
C/2015 F2,coma.c-2015_f2
Polonia,coma.c-2015_f2
C/2015 F3,coma.c-2015_f3
C/2015 F4,coma.c-2015_f4
C/2015 GX,coma.c-2015_gx
PanSTARRS 42,coma.c-2015_gx
C/2015 LC2,coma.c-2015_lc2
C/2015 V1,coma.c-2015_v1
C/2015 WZ,coma.c-2015_wz
C/2016 Q2,coma.c-2016_q2
C/2016 T3,coma.c-2016_t3
C/2017 K2,coma.c-2017_k2
PanSTARRS 66,coma.c-2017_k2
C/2019 C1,coma.c-2019_c1
ATLAS,coma.c-2019_k8
C/2019 K7,coma.c-2019_k7
Smith,coma.c-2019_k7
C/2019 K8,coma.c-2019_k8
C/2019 O3,coma.c-2019_o3
C/2019 S4,coma.c-2019_s4
C/2019 U5,coma.c-2019_u5
C/2020 H7,coma.c-2020_h7
C/2021 C6,coma.c-2021_c6
D/1977 C1,coma.d-1977_c1
Skiff-Kosai,coma.d-1977_c1
1976 XVI,coma.d-1977_c1
P/1977 C1,coma.d-1977_c1
D/1993 F2,coma.d-1993_f2
Shoemaker-Levy 9,coma.d-1993_f2--q2
D/1993 F2-A,coma.d-1993_f2--a
D/1993 F2-B,coma.d-1993_f2--b
D/1993 F2-C,coma.d-1993_f2--c
D/1993 F2-D,coma.d-1993_f2--d
D/1993 F2-E,coma.d-1993_f2--e
D/1993 F2-F,coma.d-1993_f2--f
D/1993 F2-G,coma.d-1993_f2--g
D/1993 F2-H,coma.d-1993_f2--h
D/1993 F2-K,coma.d-1993_f2--k
D/1993 F2-L,coma.d-1993_f2--l
D/1993 F2-N,coma.d-1993_f2--n
D/1993 F2-P1,coma.d-1993_f2--p1
D/1993 F2-Q1,coma.d-1993_f2--q1
D/1993 F2-R,coma.d-1993_f2--r
D/1993 F2-S,coma.d-1993_f2--s
D/1993 F2-T,coma.d-1993_f2--t
D/1993 F2-U,coma.d-1993_f2--u
D/1993 F2-V,coma.d-1993_f2--v
D/1993 F2-W,coma.d-1993_f2--w
D/1993 F2-P2,coma.d-1993_f2--p2
D/1993 F2-Q2,coma.d-1993_f2--q2
